semente,referencia,custo
0,0,352.0
0,1,270.0
0,2,562.0
0,3,404.0
0,4,460.0
0,5,330.0
0,6,409.0
0,7,471.0
0,8,459.0
0,9,442.0
0,10,481.0
0,11,704.0
0,12,492.0
0,13,645.0
0,14,519.0
0,15,816.0
0,16,817.0
0,17,660.0
0,18,584.0
0,19,531.0
0,20,686.0
0,21,608.0
0,22,475.0
0,23,727.0
0,24,604.0
0,25,644.0
0,26,574.0
0,27,417.0
0,28,413.0
0,29,765.0
0,30,360.0
0,31,844.0
0,32,375.0
0,33,337.0
0,34,575.0
0,35,462.0
0,36,1072.0
0,37,388.0
0,38,246.0
0,39,525.0
0,40,428.0
0,41,338.0
0,42,546.0
0,43,355.0
0,44,360.0
0,45,638.0
0,46,392.0
0,47,335.0
0,48,466.0
0,49,415.0
0,50,413.0
0,51,405.0
0,52,487.0
0,53,506.0
0,54,643.0
0,55,599.0
0,56,529.0
0,57,366.0
0,58,489.0
0,59,412.0
0,60,369.0
0,61,774.0
0,62,448.0
0,63,644.0
0,64,509.0
0,65,346.0
0,66,214.0
0,67,400.0
0,68,463.0
0,69,788.0
0,70,495.0
0,71,780.0
0,72,278.0
0,73,460.0
0,74,923.0
0,75,718.0
0,76,216.0
0,77,481.0
0,78,452.0
0,79,921.0
0,80,586.0
0,81,491.0
0,82,397.0
0,83,697.0
0,84,501.0
0,85,460.0
0,86,312.0
0,87,208.0
0,88,482.0
0,89,461.0
0,90,202.0
0,91,510.0
0,92,295.0
0,93,537.0
0,94,446.0
0,95,719.0
0,96,557.0
0,97,412.0
0,98,541.0
0,99,506.0
1,0,257.0
1,1,536.0
1,2,415.0
1,3,479.0
1,4,294.0
1,5,600.0
1,6,344.0
1,7,722.0
1,8,381.0
1,9,766.0
1,10,458.0
1,11,591.0
1,12,609.0
1,13,661.0
1,14,751.0
1,15,579.0
1,16,432.0
1,17,631.0
1,18,370.0
1,19,630.0
1,20,547.0
1,21,702.0
1,22,454.0
1,23,441.0
1,24,459.0
1,25,626.0
1,26,512.0
1,27,891.0
1,28,455.0
1,29,861.0
1,30,435.0
1,31,717.0
1,32,347.0
1,33,534.0
1,34,360.0
1,35,470.0
1,36,634.0
1,37,555.0
1,38,432.0
1,39,648.0
1,40,547.0
1,41,399.0
1,42,564.0
1,43,492.0
1,44,295.0
1,45,643.0
1,46,433.0
1,47,636.0
1,48,783.0
1,49,334.0
1,50,407.0
1,51,390.0
1,52,673.0
1,53,473.0
1,54,461.0
1,55,433.0
1,56,396.0
1,57,751.0
1,58,552.0
1,59,434.0
1,60,504.0
1,61,422.0
1,62,403.0
1,63,300.0
1,64,621.0
1,65,922.0
1,66,400.0
1,67,586.0
1,68,543.0
1,69,829.0
1,70,419.0
1,71,333.0
1,72,702.0
1,73,560.0
1,74,634.0
1,75,562.0
1,76,475.0
1,77,540.0
1,78,639.0
1,79,437.0
1,80,900.0
1,81,470.0
1,82,450.0
1,83,486.0
1,84,754.0
1,85,310.0
1,86,512.0
1,87,485.0
1,88,469.0
1,89,483.0
1,90,361.0
1,91,485.0
1,92,708.0
1,93,411.0
1,94,433.0
1,95,522.0
1,96,475.0
1,97,401.0
1,98,465.0
1,99,741.0
2,0,671.0
2,1,641.0
2,2,356.0
2,3,461.0
2,4,199.0
2,5,544.0
2,6,446.0
2,7,498.0
2,8,271.0
2,9,467.0
2,10,618.0
2,11,417.0
2,12,592.0
2,13,361.0
2,14,335.0
2,15,489.0
2,16,618.0
2,17,523.0
2,18,472.0
2,19,471.0
2,20,742.0
2,21,465.0
2,22,313.0
2,23,536.0
2,24,524.0
2,25,984.0
2,26,631.0
2,27,360.0
2,28,563.0
2,29,250.0
2,30,349.0
2,31,324.0
2,32,658.0
2,33,657.0
2,34,270.0
2,35,508.0
2,36,287.0
2,37,759.0
2,38,818.0
2,39,326.0
2,40,362.0
2,41,570.0
2,42,749.0
2,43,310.0
2,44,538.0
2,45,1080.0
2,46,716.0
2,47,348.0
2,48,510.0
2,49,722.0
2,50,358.0
2,51,695.0
2,52,599.0
2,53,567.0
2,54,296.0
2,55,469.0
2,56,403.0
2,57,946.0
2,58,831.0
2,59,574.0
2,60,435.0
2,61,910.0
2,62,407.0
2,63,549.0
2,64,445.0
2,65,523.0
2,66,417.0
2,67,604.0
2,68,319.0
2,69,1131.0
2,70,417.0
2,71,368.0
2,72,780.0
2,73,434.0
2,74,507.0
2,75,439.0
2,76,387.0
2,77,393.0
2,78,344.0
2,79,441.0
2,80,389.0
2,81,304.0
2,82,692.0
2,83,580.0
2,84,498.0
2,85,490.0
2,86,488.0
2,87,525.0
2,88,514.0
2,89,419.0
2,90,678.0
2,91,510.0
2,92,533.0
2,93,658.0
2,94,394.0
2,95,901.0
2,96,616.0
2,97,532.0
2,98,642.0
2,99,381.0
3,0,605.0
3,1,372.0
3,2,342.0
3,3,622.0
3,4,468.0
3,5,441.0
3,6,433.0
3,7,497.0
3,8,375.0
3,9,545.0
3,10,407.0
3,11,507.0
3,12,539.0
3,13,795.0
3,14,389.0
3,15,575.0
3,16,577.0
3,17,297.0
3,18,307.0
3,19,492.0
3,20,323.0
3,21,421.0
3,22,497.0
3,23,651.0
3,24,452.0
3,25,623.0
3,26,418.0
3,27,841.0
3,28,219.0
3,29,254.0
3,30,282.0
3,31,568.0
3,32,558.0
3,33,692.0
3,34,679.0
3,35,506.0
3,36,426.0
3,37,382.0
3,38,506.0
3,39,491.0
3,40,482.0
3,41,417.0
3,42,353.0
3,43,495.0
3,44,475.0
3,45,586.0
3,46,544.0
3,47,729.0
3,48,392.0
3,49,395.0
3,50,600.0
3,51,158.0
3,52,347.0
3,53,981.0
3,54,511.0
3,55,752.0
3,56,300.0
3,57,419.0
3,58,425.0
3,59,517.0
3,60,481.0
3,61,959.0
3,62,545.0
3,63,484.0
3,64,605.0
3,65,722.0
3,66,209.0
3,67,565.0
3,68,627.0
3,69,423.0
3,70,795.0
3,71,607.0
3,72,729.0
3,73,384.0
3,74,669.0
3,75,201.0
3,76,494.0
3,77,311.0
3,78,571.0
3,79,635.0
3,80,689.0
3,81,674.0
3,82,546.0
3,83,508.0
3,84,393.0
3,85,585.0
3,86,392.0
3,87,667.0
3,88,433.0
3,89,446.0
3,90,813.0
3,91,283.0
3,92,400.0
3,93,535.0
3,94,388.0
3,95,1033.0
3,96,356.0
3,97,456.0
3,98,441.0
3,99,532.0
4,0,419.0
4,1,568.0
4,2,289.0
4,3,613.0
4,4,471.0
4,5,701.0
4,6,287.0
4,7,589.0
4,8,660.0
4,9,405.0
4,10,485.0
4,11,549.0
4,12,493.0
4,13,477.0
4,14,556.0
4,15,701.0
4,16,484.0
4,17,559.0
4,18,345.0
4,19,531.0
4,20,815.0
4,21,582.0
4,22,393.0
4,23,363.0
4,24,655.0
4,25,1216.0
4,26,485.0
4,27,539.0
4,28,393.0
4,29,600.0
4,30,579.0
4,31,837.0
4,32,161.0
4,33,707.0
4,34,690.0
4,35,457.0
4,36,764.0
4,37,666.0
4,38,497.0
4,39,524.0
4,40,546.0
4,41,390.0
4,42,471.0
4,43,303.0
4,44,545.0
4,45,598.0
4,46,329.0
4,47,378.0
4,48,544.0
4,49,535.0
4,50,662.0
4,51,674.0
4,52,506.0
4,53,1063.0
4,54,564.0
4,55,522.0
4,56,342.0
4,57,873.0
4,58,252.0
4,59,899.0
4,60,510.0
4,61,590.0
4,62,638.0
4,63,591.0
4,64,394.0
4,65,353.0
4,66,1047.0
4,67,306.0
4,68,598.0
4,69,827.0
4,70,855.0
4,71,458.0
4,72,352.0
4,73,396.0
4,74,382.0
4,75,846.0
4,76,502.0
4,77,552.0
4,78,659.0
4,79,455.0
4,80,396.0
4,81,378.0
4,82,169.0
4,83,726.0
4,84,334.0
4,85,544.0
4,86,486.0
4,87,762.0
4,88,639.0
4,89,630.0
4,90,425.0
4,91,483.0
4,92,465.0
4,93,562.0
4,94,622.0
4,95,408.0
4,96,434.0
4,97,519.0
4,98,301.0
4,99,392.0
5,0,714.0
5,1,439.0
5,2,628.0
5,3,442.0
5,4,430.0
5,5,366.0
5,6,460.0
5,7,416.0
5,8,569.0
5,9,405.0
5,10,338.0
5,11,471.0
5,12,594.0
5,13,399.0
5,14,606.0
5,15,338.0
5,16,371.0
5,17,644.0
5,18,597.0
5,19,520.0
5,20,393.0
5,21,458.0
5,22,637.0
5,23,381.0
5,24,317.0
5,25,518.0
5,26,765.0
5,27,426.0
5,28,460.0
5,29,511.0
5,30,379.0
5,31,301.0
5,32,509.0
5,33,552.0
5,34,616.0
5,35,345.0
5,36,462.0
5,37,489.0
5,38,470.0
5,39,346.0
5,40,387.0
5,41,580.0
5,42,235.0
5,43,348.0
5,44,376.0
5,45,451.0
5,46,446.0
5,47,474.0
5,48,533.0
5,49,489.0
5,50,276.0
5,51,950.0
5,52,526.0
5,53,353.0
5,54,481.0
5,55,666.0
5,56,592.0
5,57,818.0
5,58,536.0
5,59,572.0
5,60,410.0
5,61,766.0
5,62,538.0
5,63,461.0
5,64,482.0
5,65,339.0
5,66,566.0
5,67,427.0
5,68,535.0
5,69,739.0
5,70,471.0
5,71,947.0
5,72,588.0
5,73,453.0
5,74,384.0
5,75,667.0
5,76,488.0
5,77,637.0
5,78,439.0
5,79,623.0
5,80,341.0
5,81,522.0
5,82,582.0
5,83,518.0
5,84,379.0
5,85,540.0
5,86,320.0
5,87,306.0
5,88,588.0
5,89,451.0
5,90,300.0
5,91,298.0
5,92,336.0
5,93,507.0
5,94,652.0
5,95,1059.0
5,96,432.0
5,97,351.0
5,98,581.0
5,99,588.0
6,0,414.0
6,1,790.0
6,2,584.0
6,3,663.0
6,4,237.0
6,5,484.0
6,6,372.0
6,7,631.0
6,8,610.0
6,9,708.0
6,10,404.0
6,11,632.0
6,12,436.0
6,13,716.0
6,14,367.0
6,15,411.0
6,16,439.0
6,17,529.0
6,18,585.0
6,19,454.0
6,20,311.0
6,21,371.0
6,22,274.0
6,23,509.0
6,24,661.0
6,25,248.0
6,26,402.0
6,27,548.0
6,28,506.0
6,29,426.0
6,30,643.0
6,31,450.0
6,32,632.0
6,33,515.0
6,34,479.0
6,35,618.0
6,36,530.0
6,37,424.0
6,38,485.0
6,39,607.0
6,40,623.0
6,41,384.0
6,42,692.0
6,43,481.0
6,44,436.0
6,45,610.0
6,46,400.0
6,47,618.0
6,48,752.0
6,49,575.0
6,50,356.0
6,51,598.0
6,52,730.0
6,53,460.0
6,54,382.0
6,55,528.0
6,56,458.0
6,57,541.0
6,58,1052.0
6,59,504.0
6,60,414.0
6,61,634.0
6,62,519.0
6,63,341.0
6,64,718.0
6,65,400.0
6,66,671.0
6,67,545.0
6,68,758.0
6,69,333.0
6,70,606.0
6,71,550.0
6,72,523.0
6,73,375.0
6,74,247.0
6,75,263.0
6,76,501.0
6,77,557.0
6,78,528.0
6,79,656.0
6,80,372.0
6,81,498.0
6,82,407.0
6,83,406.0
6,84,508.0
6,85,651.0
6,86,692.0
6,87,596.0
6,88,546.0
6,89,650.0
6,90,517.0
6,91,528.0
6,92,396.0
6,93,796.0
6,94,347.0
6,95,458.0
6,96,526.0
6,97,589.0
6,98,575.0
6,99,490.0
7,0,624.0
7,1,637.0
7,2,805.0
7,3,416.0
7,4,635.0
7,5,645.0
7,6,640.0
7,7,672.0
7,8,365.0
7,9,620.0
7,10,330.0
7,11,512.0
7,12,644.0
7,13,554.0
7,14,348.0
7,15,624.0
7,16,396.0
7,17,444.0
7,18,738.0
7,19,298.0
7,20,368.0
7,21,479.0
7,22,533.0
7,23,419.0
7,24,408.0
7,25,634.0
7,26,529.0
7,27,585.0
7,28,517.0
7,29,543.0
7,30,545.0
7,31,721.0
7,32,421.0
7,33,556.0
7,34,970.0
7,35,736.0
7,36,666.0
7,37,449.0
7,38,466.0
7,39,292.0
7,40,613.0
7,41,374.0
7,42,415.0
7,43,488.0
7,44,674.0
7,45,689.0
7,46,454.0
7,47,446.0
7,48,922.0
7,49,481.0
7,50,516.0
7,51,668.0
7,52,407.0
7,53,500.0
7,54,515.0
7,55,405.0
7,56,840.0
7,57,526.0
7,58,600.0
7,59,775.0
7,60,598.0
7,61,470.0
7,62,822.0
7,63,457.0
7,64,287.0
7,65,543.0
7,66,317.0
7,67,441.0
7,68,390.0
7,69,574.0
7,70,263.0
7,71,225.0
7,72,397.0
7,73,515.0
7,74,472.0
7,75,434.0
7,76,624.0
7,77,558.0
7,78,685.0
7,79,437.0
7,80,441.0
7,81,357.0
7,82,201.0
7,83,559.0
7,84,827.0
7,85,605.0
7,86,544.0
7,87,440.0
7,88,572.0
7,89,667.0
7,90,465.0
7,91,399.0
7,92,544.0
7,93,420.0
7,94,432.0
7,95,524.0
7,96,840.0
7,97,549.0
7,98,362.0
7,99,344.0
8,0,468.0
8,1,543.0
8,2,434.0
8,3,324.0
8,4,588.0
8,5,339.0
8,6,338.0
8,7,612.0
8,8,576.0
8,9,577.0
8,10,1022.0
8,11,405.0
8,12,688.0
8,13,465.0
8,14,277.0
8,15,362.0
8,16,435.0
8,17,585.0
8,18,275.0
8,19,699.0
8,20,489.0
8,21,328.0
8,22,406.0
8,23,454.0
8,24,962.0
8,25,690.0
8,26,653.0
8,27,472.0
8,28,490.0
8,29,681.0
8,30,567.0
8,31,575.0
8,32,779.0
8,33,403.0
8,34,336.0
8,35,667.0
8,36,721.0
8,37,468.0
8,38,466.0
8,39,338.0
8,40,390.0
8,41,521.0
8,42,510.0
8,43,256.0
8,44,381.0
8,45,386.0
8,46,928.0
8,47,462.0
8,48,384.0
8,49,692.0
8,50,785.0
8,51,353.0
8,52,419.0
8,53,520.0
8,54,506.0
8,55,507.0
8,56,504.0
8,57,314.0
8,58,451.0
8,59,326.0
8,60,511.0
8,61,275.0
8,62,414.0
8,63,834.0
8,64,289.0
8,65,692.0
8,66,305.0
8,67,639.0
8,68,534.0
8,69,495.0
8,70,661.0
8,71,441.0
8,72,223.0
8,73,375.0
8,74,414.0
8,75,764.0
8,76,400.0
8,77,672.0
8,78,483.0
8,79,447.0
8,80,354.0
8,81,374.0
8,82,584.0
8,83,644.0
8,84,454.0
8,85,581.0
8,86,837.0
8,87,283.0
8,88,636.0
8,89,530.0
8,90,456.0
8,91,410.0
8,92,385.0
8,93,555.0
8,94,420.0
8,95,639.0
8,96,636.0
8,97,441.0
8,98,287.0
8,99,941.0
9,0,418.0
9,1,571.0
9,2,630.0
9,3,720.0
9,4,352.0
9,5,629.0
9,6,487.0
9,7,623.0
9,8,366.0
9,9,425.0
9,10,489.0
9,11,326.0
9,12,580.0
9,13,842.0
9,14,307.0
9,15,780.0
9,16,423.0
9,17,446.0
9,18,879.0
9,19,494.0
9,20,468.0
9,21,457.0
9,22,815.0
9,23,526.0
9,24,711.0
9,25,695.0
9,26,590.0
9,27,646.0
9,28,516.0
9,29,529.0
9,30,393.0
9,31,521.0
9,32,735.0
9,33,520.0
9,34,292.0
9,35,494.0
9,36,310.0
9,37,461.0
9,38,450.0
9,39,674.0
9,40,531.0
9,41,570.0
9,42,424.0
9,43,208.0
9,44,591.0
9,45,583.0
9,46,312.0
9,47,308.0
9,48,380.0
9,49,561.0
9,50,713.0
9,51,508.0
9,52,409.0
9,53,588.0
9,54,467.0
9,55,290.0
9,56,575.0
9,57,645.0
9,58,326.0
9,59,284.0
9,60,371.0
9,61,311.0
9,62,452.0
9,63,417.0
9,64,839.0
9,65,453.0
9,66,592.0
9,67,673.0
9,68,666.0
9,69,588.0
9,70,269.0
9,71,596.0
9,72,268.0
9,73,239.0
9,74,564.0
9,75,391.0
9,76,436.0
9,77,629.0
9,78,431.0
9,79,452.0
9,80,581.0
9,81,516.0
9,82,1027.0
9,83,464.0
9,84,644.0
9,85,470.0
9,86,409.0
9,87,506.0
9,88,824.0
9,89,512.0
9,90,470.0
9,91,437.0
9,92,251.0
9,93,488.0
9,94,266.0
9,95,400.0
9,96,432.0
9,97,461.0
9,98,339.0
9,99,677.0
