populacao,semente,iteracao,gbest
10,0,0,41.71389745880661
10,0,1,40.796091718830986
10,0,2,34.40385553241558
10,0,3,32.4187991707971
10,0,4,31.313558138333264
10,0,5,31.2459390901652
10,0,6,31.015970925849473
10,0,7,30.880839461326442
10,0,8,30.618824789693615
10,0,9,30.25487470477999
10,0,10,30.0
10,0,11,30.0
10,0,12,30.0
10,0,13,30.0
10,0,14,30.0
10,0,15,30.0
10,0,16,30.0
10,0,17,30.0
10,0,18,30.0
10,0,19,30.0
10,0,20,30.0
10,0,21,30.0
10,0,22,30.0
10,0,23,30.0
10,0,24,30.0
10,0,25,30.0
10,0,26,30.0
10,0,27,30.0
10,0,28,30.0
10,0,29,30.0
10,0,30,30.0
10,0,31,30.0
10,0,32,30.0
10,0,33,30.0
10,0,34,30.0
10,0,35,30.0
10,0,36,30.0
10,0,37,30.0
10,0,38,30.0
10,0,39,30.0
10,0,40,30.0
10,0,41,30.0
10,0,42,30.0
10,0,43,30.0
10,0,44,30.0
10,0,45,30.0
10,0,46,30.0
10,0,47,30.0
10,0,48,30.0
10,0,49,30.0
10,0,50,30.0
10,0,51,30.0
10,0,52,30.0
10,0,53,30.0
10,0,54,30.0
10,0,55,30.0
10,0,56,30.0
10,0,57,30.0
10,0,58,30.0
10,0,59,30.0
10,0,60,30.0
10,0,61,30.0
10,0,62,30.0
10,0,63,30.0
10,0,64,30.0
10,0,65,30.0
10,0,66,30.0
10,0,67,30.0
10,0,68,30.0
10,0,69,30.0
10,0,70,30.0
10,0,71,30.0
10,0,72,30.0
10,0,73,30.0
10,0,74,30.0
10,0,75,30.0
10,0,76,30.0
10,0,77,30.0
10,0,78,30.0
10,0,79,30.0
10,0,80,30.0
10,0,81,30.0
10,0,82,30.0
10,0,83,30.0
10,0,84,30.0
10,0,85,30.0
10,0,86,30.0
10,0,87,30.0
10,0,88,30.0
10,0,89,30.0
10,0,90,30.0
10,0,91,30.0
10,0,92,30.0
10,0,93,30.0
10,0,94,30.0
10,0,95,30.0
10,0,96,30.0
10,0,97,30.0
10,0,98,30.0
10,0,99,30.0
10,0,100,30.0
10,0,101,30.0
10,0,102,30.0
10,0,103,30.0
10,0,104,30.0
10,0,105,30.0
10,0,106,30.0
10,0,107,30.0
10,0,108,30.0
10,0,109,30.0
10,0,110,30.0
10,0,111,30.0
10,0,112,30.0
10,0,113,30.0
10,0,114,30.0
10,0,115,30.0
10,0,116,30.0
10,0,117,30.0
10,0,118,30.0
10,0,119,30.0
10,0,120,30.0
10,0,121,30.0
10,0,122,30.0
10,0,123,30.0
10,0,124,30.0
10,0,125,30.0
10,0,126,30.0
10,0,127,30.0
10,0,128,30.0
10,0,129,30.0
10,0,130,30.0
10,0,131,30.0
10,0,132,30.0
10,0,133,30.0
10,0,134,30.0
10,0,135,30.0
10,0,136,30.0
10,0,137,30.0
10,0,138,30.0
10,0,139,30.0
10,0,140,30.0
10,0,141,30.0
10,0,142,30.0
10,0,143,30.0
10,0,144,30.0
10,0,145,30.0
10,0,146,30.0
10,0,147,30.0
10,0,148,30.0
10,0,149,30.0
10,0,150,30.0
10,0,151,30.0
10,0,152,30.0
10,0,153,30.0
10,0,154,30.0
10,0,155,30.0
10,0,156,30.0
10,0,157,30.0
10,0,158,30.0
10,0,159,30.0
10,0,160,30.0
10,0,161,30.0
10,0,162,30.0
10,0,163,30.0
10,0,164,30.0
10,0,165,30.0
10,0,166,30.0
10,0,167,30.0
10,0,168,30.0
10,0,169,30.0
10,0,170,30.0
10,0,171,30.0
10,0,172,30.0
10,0,173,30.0
10,0,174,30.0
10,0,175,30.0
10,0,176,30.0
10,0,177,30.0
10,0,178,30.0
10,0,179,30.0
10,0,180,30.0
10,0,181,30.0
10,0,182,30.0
10,0,183,30.0
10,0,184,30.0
10,0,185,30.0
10,0,186,30.0
10,0,187,30.0
10,0,188,30.0
10,0,189,30.0
10,0,190,30.0
10,0,191,30.0
10,0,192,30.0
10,0,193,30.0
10,0,194,30.0
10,0,195,30.0
10,0,196,30.0
10,0,197,30.0
10,0,198,30.0
10,0,199,30.0
10,0,200,30.0
10,1,0,40.93645678380123
10,1,1,39.4639112932738
10,1,2,32.93065480955151
10,1,3,31.836420608986828
10,1,4,31.09160482291991
10,1,5,30.709862435455527
10,1,6,30.0
10,1,7,30.0
10,1,8,30.0
10,1,9,30.0
10,1,10,30.0
10,1,11,30.0
10,1,12,30.0
10,1,13,30.0
10,1,14,30.0
10,1,15,30.0
10,1,16,30.0
10,1,17,30.0
10,1,18,30.0
10,1,19,30.0
10,1,20,30.0
10,1,21,30.0
10,1,22,30.0
10,1,23,30.0
10,1,24,30.0
10,1,25,30.0
10,1,26,30.0
10,1,27,30.0
10,1,28,30.0
10,1,29,30.0
10,1,30,30.0
10,1,31,30.0
10,1,32,30.0
10,1,33,30.0
10,1,34,30.0
10,1,35,30.0
10,1,36,30.0
10,1,37,30.0
10,1,38,30.0
10,1,39,30.0
10,1,40,30.0
10,1,41,30.0
10,1,42,30.0
10,1,43,30.0
10,1,44,30.0
10,1,45,30.0
10,1,46,30.0
10,1,47,30.0
10,1,48,30.0
10,1,49,30.0
10,1,50,30.0
10,1,51,30.0
10,1,52,30.0
10,1,53,30.0
10,1,54,30.0
10,1,55,30.0
10,1,56,30.0
10,1,57,30.0
10,1,58,30.0
10,1,59,30.0
10,1,60,30.0
10,1,61,30.0
10,1,62,30.0
10,1,63,30.0
10,1,64,30.0
10,1,65,30.0
10,1,66,30.0
10,1,67,30.0
10,1,68,30.0
10,1,69,30.0
10,1,70,30.0
10,1,71,30.0
10,1,72,30.0
10,1,73,30.0
10,1,74,30.0
10,1,75,30.0
10,1,76,30.0
10,1,77,30.0
10,1,78,30.0
10,1,79,30.0
10,1,80,30.0
10,1,81,30.0
10,1,82,30.0
10,1,83,30.0
10,1,84,30.0
10,1,85,30.0
10,1,86,30.0
10,1,87,30.0
10,1,88,30.0
10,1,89,30.0
10,1,90,30.0
10,1,91,30.0
10,1,92,30.0
10,1,93,30.0
10,1,94,30.0
10,1,95,30.0
10,1,96,30.0
10,1,97,30.0
10,1,98,30.0
10,1,99,30.0
10,1,100,30.0
10,1,101,30.0
10,1,102,30.0
10,1,103,30.0
10,1,104,30.0
10,1,105,30.0
10,1,106,30.0
10,1,107,30.0
10,1,108,30.0
10,1,109,30.0
10,1,110,30.0
10,1,111,30.0
10,1,112,30.0
10,1,113,30.0
10,1,114,30.0
10,1,115,30.0
10,1,116,30.0
10,1,117,30.0
10,1,118,30.0
10,1,119,30.0
10,1,120,30.0
10,1,121,30.0
10,1,122,30.0
10,1,123,30.0
10,1,124,30.0
10,1,125,30.0
10,1,126,30.0
10,1,127,30.0
10,1,128,30.0
10,1,129,30.0
10,1,130,30.0
10,1,131,30.0
10,1,132,30.0
10,1,133,30.0
10,1,134,30.0
10,1,135,30.0
10,1,136,30.0
10,1,137,30.0
10,1,138,30.0
10,1,139,30.0
10,1,140,30.0
10,1,141,30.0
10,1,142,30.0
10,1,143,30.0
10,1,144,30.0
10,1,145,30.0
10,1,146,30.0
10,1,147,30.0
10,1,148,30.0
10,1,149,30.0
10,1,150,30.0
10,1,151,30.0
10,1,152,30.0
10,1,153,30.0
10,1,154,30.0
10,1,155,30.0
10,1,156,30.0
10,1,157,30.0
10,1,158,30.0
10,1,159,30.0
10,1,160,30.0
10,1,161,30.0
10,1,162,30.0
10,1,163,30.0
10,1,164,30.0
10,1,165,30.0
10,1,166,30.0
10,1,167,30.0
10,1,168,30.0
10,1,169,30.0
10,1,170,30.0
10,1,171,30.0
10,1,172,30.0
10,1,173,30.0
10,1,174,30.0
10,1,175,30.0
10,1,176,30.0
10,1,177,30.0
10,1,178,30.0
10,1,179,30.0
10,1,180,30.0
10,1,181,30.0
10,1,182,30.0
10,1,183,30.0
10,1,184,30.0
10,1,185,30.0
10,1,186,30.0
10,1,187,30.0
10,1,188,30.0
10,1,189,30.0
10,1,190,30.0
10,1,191,30.0
10,1,192,30.0
10,1,193,30.0
10,1,194,30.0
10,1,195,30.0
10,1,196,30.0
10,1,197,30.0
10,1,198,30.0
10,1,199,30.0
10,1,200,30.0
10,2,0,40.47337264528745
10,2,1,36.72143827217221
10,2,2,35.133004781771675
10,2,3,32.444411942987195
10,2,4,31.876395108491387
10,2,5,31.621891583143224
10,2,6,31.084861727288853
10,2,7,30.54447425109927
10,2,8,30.05728230847182
10,2,9,30.0
10,2,10,30.0
10,2,11,30.0
10,2,12,30.0
10,2,13,30.0
10,2,14,30.0
10,2,15,30.0
10,2,16,30.0
10,2,17,30.0
10,2,18,30.0
10,2,19,30.0
10,2,20,30.0
10,2,21,30.0
10,2,22,30.0
10,2,23,30.0
10,2,24,30.0
10,2,25,30.0
10,2,26,30.0
10,2,27,30.0
10,2,28,30.0
10,2,29,30.0
10,2,30,30.0
10,2,31,30.0
10,2,32,30.0
10,2,33,30.0
10,2,34,30.0
10,2,35,30.0
10,2,36,30.0
10,2,37,30.0
10,2,38,30.0
10,2,39,30.0
10,2,40,30.0
10,2,41,30.0
10,2,42,30.0
10,2,43,30.0
10,2,44,30.0
10,2,45,30.0
10,2,46,30.0
10,2,47,30.0
10,2,48,30.0
10,2,49,30.0
10,2,50,30.0
10,2,51,30.0
10,2,52,30.0
10,2,53,30.0
10,2,54,30.0
10,2,55,30.0
10,2,56,30.0
10,2,57,30.0
10,2,58,30.0
10,2,59,30.0
10,2,60,30.0
10,2,61,30.0
10,2,62,30.0
10,2,63,30.0
10,2,64,30.0
10,2,65,30.0
10,2,66,30.0
10,2,67,30.0
10,2,68,30.0
10,2,69,30.0
10,2,70,30.0
10,2,71,30.0
10,2,72,30.0
10,2,73,30.0
10,2,74,30.0
10,2,75,30.0
10,2,76,30.0
10,2,77,30.0
10,2,78,30.0
10,2,79,30.0
10,2,80,30.0
10,2,81,30.0
10,2,82,30.0
10,2,83,30.0
10,2,84,30.0
10,2,85,30.0
10,2,86,30.0
10,2,87,30.0
10,2,88,30.0
10,2,89,30.0
10,2,90,30.0
10,2,91,30.0
10,2,92,30.0
10,2,93,30.0
10,2,94,30.0
10,2,95,30.0
10,2,96,30.0
10,2,97,30.0
10,2,98,30.0
10,2,99,30.0
10,2,100,30.0
10,2,101,30.0
10,2,102,30.0
10,2,103,30.0
10,2,104,30.0
10,2,105,30.0
10,2,106,30.0
10,2,107,30.0
10,2,108,30.0
10,2,109,30.0
10,2,110,30.0
10,2,111,30.0
10,2,112,30.0
10,2,113,30.0
10,2,114,30.0
10,2,115,30.0
10,2,116,30.0
10,2,117,30.0
10,2,118,30.0
10,2,119,30.0
10,2,120,30.0
10,2,121,30.0
10,2,122,30.0
10,2,123,30.0
10,2,124,30.0
10,2,125,30.0
10,2,126,30.0
10,2,127,30.0
10,2,128,30.0
10,2,129,30.0
10,2,130,30.0
10,2,131,30.0
10,2,132,30.0
10,2,133,30.0
10,2,134,30.0
10,2,135,30.0
10,2,136,30.0
10,2,137,30.0
10,2,138,30.0
10,2,139,30.0
10,2,140,30.0
10,2,141,30.0
10,2,142,30.0
10,2,143,30.0
10,2,144,30.0
10,2,145,30.0
10,2,146,30.0
10,2,147,30.0
10,2,148,30.0
10,2,149,30.0
10,2,150,30.0
10,2,151,30.0
10,2,152,30.0
10,2,153,30.0
10,2,154,30.0
10,2,155,30.0
10,2,156,30.0
10,2,157,30.0
10,2,158,30.0
10,2,159,30.0
10,2,160,30.0
10,2,161,30.0
10,2,162,30.0
10,2,163,30.0
10,2,164,30.0
10,2,165,30.0
10,2,166,30.0
10,2,167,30.0
10,2,168,30.0
10,2,169,30.0
10,2,170,30.0
10,2,171,30.0
10,2,172,30.0
10,2,173,30.0
10,2,174,30.0
10,2,175,30.0
10,2,176,30.0
10,2,177,30.0
10,2,178,30.0
10,2,179,30.0
10,2,180,30.0
10,2,181,30.0
10,2,182,30.0
10,2,183,30.0
10,2,184,30.0
10,2,185,30.0
10,2,186,30.0
10,2,187,30.0
10,2,188,30.0
10,2,189,30.0
10,2,190,30.0
10,2,191,30.0
10,2,192,30.0
10,2,193,30.0
10,2,194,30.0
10,2,195,30.0
10,2,196,30.0
10,2,197,30.0
10,2,198,30.0
10,2,199,30.0
10,2,200,30.0
10,3,0,40.40939323616427
10,3,1,38.96512191515055
10,3,2,36.970542578097536
10,3,3,34.82675851437077
10,3,4,33.11869036436051
10,3,5,31.91745999603847
10,3,6,30.819318017254297
10,3,7,30.17910718995103
10,3,8,30.1207427385187
10,3,9,30.0
10,3,10,30.0
10,3,11,30.0
10,3,12,30.0
10,3,13,30.0
10,3,14,30.0
10,3,15,30.0
10,3,16,30.0
10,3,17,30.0
10,3,18,30.0
10,3,19,30.0
10,3,20,30.0
10,3,21,30.0
10,3,22,30.0
10,3,23,30.0
10,3,24,30.0
10,3,25,30.0
10,3,26,30.0
10,3,27,30.0
10,3,28,30.0
10,3,29,30.0
10,3,30,30.0
10,3,31,30.0
10,3,32,30.0
10,3,33,30.0
10,3,34,30.0
10,3,35,30.0
10,3,36,30.0
10,3,37,30.0
10,3,38,30.0
10,3,39,30.0
10,3,40,30.0
10,3,41,30.0
10,3,42,30.0
10,3,43,30.0
10,3,44,30.0
10,3,45,30.0
10,3,46,30.0
10,3,47,30.0
10,3,48,30.0
10,3,49,30.0
10,3,50,30.0
10,3,51,30.0
10,3,52,30.0
10,3,53,30.0
10,3,54,30.0
10,3,55,30.0
10,3,56,30.0
10,3,57,30.0
10,3,58,30.0
10,3,59,30.0
10,3,60,30.0
10,3,61,30.0
10,3,62,30.0
10,3,63,30.0
10,3,64,30.0
10,3,65,30.0
10,3,66,30.0
10,3,67,30.0
10,3,68,30.0
10,3,69,30.0
10,3,70,30.0
10,3,71,30.0
10,3,72,30.0
10,3,73,30.0
10,3,74,30.0
10,3,75,30.0
10,3,76,30.0
10,3,77,30.0
10,3,78,30.0
10,3,79,30.0
10,3,80,30.0
10,3,81,30.0
10,3,82,30.0
10,3,83,30.0
10,3,84,30.0
10,3,85,30.0
10,3,86,30.0
10,3,87,30.0
10,3,88,30.0
10,3,89,30.0
10,3,90,30.0
10,3,91,30.0
10,3,92,30.0
10,3,93,30.0
10,3,94,30.0
10,3,95,30.0
10,3,96,30.0
10,3,97,30.0
10,3,98,30.0
10,3,99,30.0
10,3,100,30.0
10,3,101,30.0
10,3,102,30.0
10,3,103,30.0
10,3,104,30.0
10,3,105,30.0
10,3,106,30.0
10,3,107,30.0
10,3,108,30.0
10,3,109,30.0
10,3,110,30.0
10,3,111,30.0
10,3,112,30.0
10,3,113,30.0
10,3,114,30.0
10,3,115,30.0
10,3,116,30.0
10,3,117,30.0
10,3,118,30.0
10,3,119,30.0
10,3,120,30.0
10,3,121,30.0
10,3,122,30.0
10,3,123,30.0
10,3,124,30.0
10,3,125,30.0
10,3,126,30.0
10,3,127,30.0
10,3,128,30.0
10,3,129,30.0
10,3,130,30.0
10,3,131,30.0
10,3,132,30.0
10,3,133,30.0
10,3,134,30.0
10,3,135,30.0
10,3,136,30.0
10,3,137,30.0
10,3,138,30.0
10,3,139,30.0
10,3,140,30.0
10,3,141,30.0
10,3,142,30.0
10,3,143,30.0
10,3,144,30.0
10,3,145,30.0
10,3,146,30.0
10,3,147,30.0
10,3,148,30.0
10,3,149,30.0
10,3,150,30.0
10,3,151,30.0
10,3,152,30.0
10,3,153,30.0
10,3,154,30.0
10,3,155,30.0
10,3,156,30.0
10,3,157,30.0
10,3,158,30.0
10,3,159,30.0
10,3,160,30.0
10,3,161,30.0
10,3,162,30.0
10,3,163,30.0
10,3,164,30.0
10,3,165,30.0
10,3,166,30.0
10,3,167,30.0
10,3,168,30.0
10,3,169,30.0
10,3,170,30.0
10,3,171,30.0
10,3,172,30.0
10,3,173,30.0
10,3,174,30.0
10,3,175,30.0
10,3,176,30.0
10,3,177,30.0
10,3,178,30.0
10,3,179,30.0
10,3,180,30.0
10,3,181,30.0
10,3,182,30.0
10,3,183,30.0
10,3,184,30.0
10,3,185,30.0
10,3,186,30.0
10,3,187,30.0
10,3,188,30.0
10,3,189,30.0
10,3,190,30.0
10,3,191,30.0
10,3,192,30.0
10,3,193,30.0
10,3,194,30.0
10,3,195,30.0
10,3,196,30.0
10,3,197,30.0
10,3,198,30.0
10,3,199,30.0
10,3,200,30.0
10,4,0,42.32788587049841
10,4,1,39.722032236237446
10,4,2,36.048688041916535
10,4,3,33.88803301824277
10,4,4,33.88803301824277
10,4,5,33.407444089080855
10,4,6,32.67820389688717
10,4,7,32.2457611015788
10,4,8,31.71245031967743
10,4,9,31.62037059448142
10,4,10,31.203118737681876
10,4,11,30.836733069177157
10,4,12,30.444814981836885
10,4,13,30.108708974222697
10,4,14,30.0
10,4,15,30.0
10,4,16,30.0
10,4,17,30.0
10,4,18,30.0
10,4,19,30.0
10,4,20,30.0
10,4,21,30.0
10,4,22,30.0
10,4,23,30.0
10,4,24,30.0
10,4,25,30.0
10,4,26,30.0
10,4,27,30.0
10,4,28,30.0
10,4,29,30.0
10,4,30,30.0
10,4,31,30.0
10,4,32,30.0
10,4,33,30.0
10,4,34,30.0
10,4,35,30.0
10,4,36,30.0
10,4,37,30.0
10,4,38,30.0
10,4,39,30.0
10,4,40,30.0
10,4,41,30.0
10,4,42,30.0
10,4,43,30.0
10,4,44,30.0
10,4,45,30.0
10,4,46,30.0
10,4,47,30.0
10,4,48,30.0
10,4,49,30.0
10,4,50,30.0
10,4,51,30.0
10,4,52,30.0
10,4,53,30.0
10,4,54,30.0
10,4,55,30.0
10,4,56,30.0
10,4,57,30.0
10,4,58,30.0
10,4,59,30.0
10,4,60,30.0
10,4,61,30.0
10,4,62,30.0
10,4,63,30.0
10,4,64,30.0
10,4,65,30.0
10,4,66,30.0
10,4,67,30.0
10,4,68,30.0
10,4,69,30.0
10,4,70,30.0
10,4,71,30.0
10,4,72,30.0
10,4,73,30.0
10,4,74,30.0
10,4,75,30.0
10,4,76,30.0
10,4,77,30.0
10,4,78,30.0
10,4,79,30.0
10,4,80,30.0
10,4,81,30.0
10,4,82,30.0
10,4,83,30.0
10,4,84,30.0
10,4,85,30.0
10,4,86,30.0
10,4,87,30.0
10,4,88,30.0
10,4,89,30.0
10,4,90,30.0
10,4,91,30.0
10,4,92,30.0
10,4,93,30.0
10,4,94,30.0
10,4,95,30.0
10,4,96,30.0
10,4,97,30.0
10,4,98,30.0
10,4,99,30.0
10,4,100,30.0
10,4,101,30.0
10,4,102,30.0
10,4,103,30.0
10,4,104,30.0
10,4,105,30.0
10,4,106,30.0
10,4,107,30.0
10,4,108,30.0
10,4,109,30.0
10,4,110,30.0
10,4,111,30.0
10,4,112,30.0
10,4,113,30.0
10,4,114,30.0
10,4,115,30.0
10,4,116,30.0
10,4,117,30.0
10,4,118,30.0
10,4,119,30.0
10,4,120,30.0
10,4,121,30.0
10,4,122,30.0
10,4,123,30.0
10,4,124,30.0
10,4,125,30.0
10,4,126,30.0
10,4,127,30.0
10,4,128,30.0
10,4,129,30.0
10,4,130,30.0
10,4,131,30.0
10,4,132,30.0
10,4,133,30.0
10,4,134,30.0
10,4,135,30.0
10,4,136,30.0
10,4,137,30.0
10,4,138,30.0
10,4,139,30.0
10,4,140,30.0
10,4,141,30.0
10,4,142,30.0
10,4,143,30.0
10,4,144,30.0
10,4,145,30.0
10,4,146,30.0
10,4,147,30.0
10,4,148,30.0
10,4,149,30.0
10,4,150,30.0
10,4,151,30.0
10,4,152,30.0
10,4,153,30.0
10,4,154,30.0
10,4,155,30.0
10,4,156,30.0
10,4,157,30.0
10,4,158,30.0
10,4,159,30.0
10,4,160,30.0
10,4,161,30.0
10,4,162,30.0
10,4,163,30.0
10,4,164,30.0
10,4,165,30.0
10,4,166,30.0
10,4,167,30.0
10,4,168,30.0
10,4,169,30.0
10,4,170,30.0
10,4,171,30.0
10,4,172,30.0
10,4,173,30.0
10,4,174,30.0
10,4,175,30.0
10,4,176,30.0
10,4,177,30.0
10,4,178,30.0
10,4,179,30.0
10,4,180,30.0
10,4,181,30.0
10,4,182,30.0
10,4,183,30.0
10,4,184,30.0
10,4,185,30.0
10,4,186,30.0
10,4,187,30.0
10,4,188,30.0
10,4,189,30.0
10,4,190,30.0
10,4,191,30.0
10,4,192,30.0
10,4,193,30.0
10,4,194,30.0
10,4,195,30.0
10,4,196,30.0
10,4,197,30.0
10,4,198,30.0
10,4,199,30.0
10,4,200,30.0
10,5,0,40.37332311478196
10,5,1,38.83267611399425
10,5,2,37.81535837188607
10,5,3,36.810518500784234
10,5,4,35.43815270251377
10,5,5,33.86791187204395
10,5,6,33.17322211374007
10,5,7,32.27387811102118
10,5,8,31.981506162829458
10,5,9,31.741171809040466
10,5,10,31.346554550297938
10,5,11,30.95174727213766
10,5,12,30.61899470309313
10,5,13,30.113524843003066
10,5,14,30.0
10,5,15,30.0
10,5,16,30.0
10,5,17,30.0
10,5,18,30.0
10,5,19,30.0
10,5,20,30.0
10,5,21,30.0
10,5,22,30.0
10,5,23,30.0
10,5,24,30.0
10,5,25,30.0
10,5,26,30.0
10,5,27,30.0
10,5,28,30.0
10,5,29,30.0
10,5,30,30.0
10,5,31,30.0
10,5,32,30.0
10,5,33,30.0
10,5,34,30.0
10,5,35,30.0
10,5,36,30.0
10,5,37,30.0
10,5,38,30.0
10,5,39,30.0
10,5,40,30.0
10,5,41,30.0
10,5,42,30.0
10,5,43,30.0
10,5,44,30.0
10,5,45,30.0
10,5,46,30.0
10,5,47,30.0
10,5,48,30.0
10,5,49,30.0
10,5,50,30.0
10,5,51,30.0
10,5,52,30.0
10,5,53,30.0
10,5,54,30.0
10,5,55,30.0
10,5,56,30.0
10,5,57,30.0
10,5,58,30.0
10,5,59,30.0
10,5,60,30.0
10,5,61,30.0
10,5,62,30.0
10,5,63,30.0
10,5,64,30.0
10,5,65,30.0
10,5,66,30.0
10,5,67,30.0
10,5,68,30.0
10,5,69,30.0
10,5,70,30.0
10,5,71,30.0
10,5,72,30.0
10,5,73,30.0
10,5,74,30.0
10,5,75,30.0
10,5,76,30.0
10,5,77,30.0
10,5,78,30.0
10,5,79,30.0
10,5,80,30.0
10,5,81,30.0
10,5,82,30.0
10,5,83,30.0
10,5,84,30.0
10,5,85,30.0
10,5,86,30.0
10,5,87,30.0
10,5,88,30.0
10,5,89,30.0
10,5,90,30.0
10,5,91,30.0
10,5,92,30.0
10,5,93,30.0
10,5,94,30.0
10,5,95,30.0
10,5,96,30.0
10,5,97,30.0
10,5,98,30.0
10,5,99,30.0
10,5,100,30.0
10,5,101,30.0
10,5,102,30.0
10,5,103,30.0
10,5,104,30.0
10,5,105,30.0
10,5,106,30.0
10,5,107,30.0
10,5,108,30.0
10,5,109,30.0
10,5,110,30.0
10,5,111,30.0
10,5,112,30.0
10,5,113,30.0
10,5,114,30.0
10,5,115,30.0
10,5,116,30.0
10,5,117,30.0
10,5,118,30.0
10,5,119,30.0
10,5,120,30.0
10,5,121,30.0
10,5,122,30.0
10,5,123,30.0
10,5,124,30.0
10,5,125,30.0
10,5,126,30.0
10,5,127,30.0
10,5,128,30.0
10,5,129,30.0
10,5,130,30.0
10,5,131,30.0
10,5,132,30.0
10,5,133,30.0
10,5,134,30.0
10,5,135,30.0
10,5,136,30.0
10,5,137,30.0
10,5,138,30.0
10,5,139,30.0
10,5,140,30.0
10,5,141,30.0
10,5,142,30.0
10,5,143,30.0
10,5,144,30.0
10,5,145,30.0
10,5,146,30.0
10,5,147,30.0
10,5,148,30.0
10,5,149,30.0
10,5,150,30.0
10,5,151,30.0
10,5,152,30.0
10,5,153,30.0
10,5,154,30.0
10,5,155,30.0
10,5,156,30.0
10,5,157,30.0
10,5,158,30.0
10,5,159,30.0
10,5,160,30.0
10,5,161,30.0
10,5,162,30.0
10,5,163,30.0
10,5,164,30.0
10,5,165,30.0
10,5,166,30.0
10,5,167,30.0
10,5,168,30.0
10,5,169,30.0
10,5,170,30.0
10,5,171,30.0
10,5,172,30.0
10,5,173,30.0
10,5,174,30.0
10,5,175,30.0
10,5,176,30.0
10,5,177,30.0
10,5,178,30.0
10,5,179,30.0
10,5,180,30.0
10,5,181,30.0
10,5,182,30.0
10,5,183,30.0
10,5,184,30.0
10,5,185,30.0
10,5,186,30.0
10,5,187,30.0
10,5,188,30.0
10,5,189,30.0
10,5,190,30.0
10,5,191,30.0
10,5,192,30.0
10,5,193,30.0
10,5,194,30.0
10,5,195,30.0
10,5,196,30.0
10,5,197,30.0
10,5,198,30.0
10,5,199,30.0
10,5,200,30.0
10,6,0,41.56736348199355
10,6,1,39.27837392795871
10,6,2,36.31364934014559
10,6,3,33.62756574140602
10,6,4,32.752361404456344
10,6,5,31.26958836444033
10,6,6,30.59826357638934
10,6,7,30.131536651406243
10,6,8,30.0
10,6,9,30.0
10,6,10,30.0
10,6,11,30.0
10,6,12,30.0
10,6,13,30.0
10,6,14,30.0
10,6,15,30.0
10,6,16,30.0
10,6,17,30.0
10,6,18,30.0
10,6,19,30.0
10,6,20,30.0
10,6,21,30.0
10,6,22,30.0
10,6,23,30.0
10,6,24,30.0
10,6,25,30.0
10,6,26,30.0
10,6,27,30.0
10,6,28,30.0
10,6,29,30.0
10,6,30,30.0
10,6,31,30.0
10,6,32,30.0
10,6,33,30.0
10,6,34,30.0
10,6,35,30.0
10,6,36,30.0
10,6,37,30.0
10,6,38,30.0
10,6,39,30.0
10,6,40,30.0
10,6,41,30.0
10,6,42,30.0
10,6,43,30.0
10,6,44,30.0
10,6,45,30.0
10,6,46,30.0
10,6,47,30.0
10,6,48,30.0
10,6,49,30.0
10,6,50,30.0
10,6,51,30.0
10,6,52,30.0
10,6,53,30.0
10,6,54,30.0
10,6,55,30.0
10,6,56,30.0
10,6,57,30.0
10,6,58,30.0
10,6,59,30.0
10,6,60,30.0
10,6,61,30.0
10,6,62,30.0
10,6,63,30.0
10,6,64,30.0
10,6,65,30.0
10,6,66,30.0
10,6,67,30.0
10,6,68,30.0
10,6,69,30.0
10,6,70,30.0
10,6,71,30.0
10,6,72,30.0
10,6,73,30.0
10,6,74,30.0
10,6,75,30.0
10,6,76,30.0
10,6,77,30.0
10,6,78,30.0
10,6,79,30.0
10,6,80,30.0
10,6,81,30.0
10,6,82,30.0
10,6,83,30.0
10,6,84,30.0
10,6,85,30.0
10,6,86,30.0
10,6,87,30.0
10,6,88,30.0
10,6,89,30.0
10,6,90,30.0
10,6,91,30.0
10,6,92,30.0
10,6,93,30.0
10,6,94,30.0
10,6,95,30.0
10,6,96,30.0
10,6,97,30.0
10,6,98,30.0
10,6,99,30.0
10,6,100,30.0
10,6,101,30.0
10,6,102,30.0
10,6,103,30.0
10,6,104,30.0
10,6,105,30.0
10,6,106,30.0
10,6,107,30.0
10,6,108,30.0
10,6,109,30.0
10,6,110,30.0
10,6,111,30.0
10,6,112,30.0
10,6,113,30.0
10,6,114,30.0
10,6,115,30.0
10,6,116,30.0
10,6,117,30.0
10,6,118,30.0
10,6,119,30.0
10,6,120,30.0
10,6,121,30.0
10,6,122,30.0
10,6,123,30.0
10,6,124,30.0
10,6,125,30.0
10,6,126,30.0
10,6,127,30.0
10,6,128,30.0
10,6,129,30.0
10,6,130,30.0
10,6,131,30.0
10,6,132,30.0
10,6,133,30.0
10,6,134,30.0
10,6,135,30.0
10,6,136,30.0
10,6,137,30.0
10,6,138,30.0
10,6,139,30.0
10,6,140,30.0
10,6,141,30.0
10,6,142,30.0
10,6,143,30.0
10,6,144,30.0
10,6,145,30.0
10,6,146,30.0
10,6,147,30.0
10,6,148,30.0
10,6,149,30.0
10,6,150,30.0
10,6,151,30.0
10,6,152,30.0
10,6,153,30.0
10,6,154,30.0
10,6,155,30.0
10,6,156,30.0
10,6,157,30.0
10,6,158,30.0
10,6,159,30.0
10,6,160,30.0
10,6,161,30.0
10,6,162,30.0
10,6,163,30.0
10,6,164,30.0
10,6,165,30.0
10,6,166,30.0
10,6,167,30.0
10,6,168,30.0
10,6,169,30.0
10,6,170,30.0
10,6,171,30.0
10,6,172,30.0
10,6,173,30.0
10,6,174,30.0
10,6,175,30.0
10,6,176,30.0
10,6,177,30.0
10,6,178,30.0
10,6,179,30.0
10,6,180,30.0
10,6,181,30.0
10,6,182,30.0
10,6,183,30.0
10,6,184,30.0
10,6,185,30.0
10,6,186,30.0
10,6,187,30.0
10,6,188,30.0
10,6,189,30.0
10,6,190,30.0
10,6,191,30.0
10,6,192,30.0
10,6,193,30.0
10,6,194,30.0
10,6,195,30.0
10,6,196,30.0
10,6,197,30.0
10,6,198,30.0
10,6,199,30.0
10,6,200,30.0
10,7,0,42.19320066905758
10,7,1,40.76934129902537
10,7,2,40.046681819208054
10,7,3,39.171616912066156
10,7,4,36.68813328198566
10,7,5,34.900228632909666
10,7,6,33.23970886774673
10,7,7,32.50036156363875
10,7,8,32.008062947090295
10,7,9,31.769584889710885
10,7,10,31.603024654677373
10,7,11,31.462619513926604
10,7,12,31.248208071758302
10,7,13,31.061692337796956
10,7,14,30.85734424376
10,7,15,30.59768200974827
10,7,16,30.3800589046575
10,7,17,30.160620271376253
10,7,18,30.0
10,7,19,30.0
10,7,20,30.0
10,7,21,30.0
10,7,22,30.0
10,7,23,30.0
10,7,24,30.0
10,7,25,30.0
10,7,26,30.0
10,7,27,30.0
10,7,28,30.0
10,7,29,30.0
10,7,30,30.0
10,7,31,30.0
10,7,32,30.0
10,7,33,30.0
10,7,34,30.0
10,7,35,30.0
10,7,36,30.0
10,7,37,30.0
10,7,38,30.0
10,7,39,30.0
10,7,40,30.0
10,7,41,30.0
10,7,42,30.0
10,7,43,30.0
10,7,44,30.0
10,7,45,30.0
10,7,46,30.0
10,7,47,30.0
10,7,48,30.0
10,7,49,30.0
10,7,50,30.0
10,7,51,30.0
10,7,52,30.0
10,7,53,30.0
10,7,54,30.0
10,7,55,30.0
10,7,56,30.0
10,7,57,30.0
10,7,58,30.0
10,7,59,30.0
10,7,60,30.0
10,7,61,30.0
10,7,62,30.0
10,7,63,30.0
10,7,64,30.0
10,7,65,30.0
10,7,66,30.0
10,7,67,30.0
10,7,68,30.0
10,7,69,30.0
10,7,70,30.0
10,7,71,30.0
10,7,72,30.0
10,7,73,30.0
10,7,74,30.0
10,7,75,30.0
10,7,76,30.0
10,7,77,30.0
10,7,78,30.0
10,7,79,30.0
10,7,80,30.0
10,7,81,30.0
10,7,82,30.0
10,7,83,30.0
10,7,84,30.0
10,7,85,30.0
10,7,86,30.0
10,7,87,30.0
10,7,88,30.0
10,7,89,30.0
10,7,90,30.0
10,7,91,30.0
10,7,92,30.0
10,7,93,30.0
10,7,94,30.0
10,7,95,30.0
10,7,96,30.0
10,7,97,30.0
10,7,98,30.0
10,7,99,30.0
10,7,100,30.0
10,7,101,30.0
10,7,102,30.0
10,7,103,30.0
10,7,104,30.0
10,7,105,30.0
10,7,106,30.0
10,7,107,30.0
10,7,108,30.0
10,7,109,30.0
10,7,110,30.0
10,7,111,30.0
10,7,112,30.0
10,7,113,30.0
10,7,114,30.0
10,7,115,30.0
10,7,116,30.0
10,7,117,30.0
10,7,118,30.0
10,7,119,30.0
10,7,120,30.0
10,7,121,30.0
10,7,122,30.0
10,7,123,30.0
10,7,124,30.0
10,7,125,30.0
10,7,126,30.0
10,7,127,30.0
10,7,128,30.0
10,7,129,30.0
10,7,130,30.0
10,7,131,30.0
10,7,132,30.0
10,7,133,30.0
10,7,134,30.0
10,7,135,30.0
10,7,136,30.0
10,7,137,30.0
10,7,138,30.0
10,7,139,30.0
10,7,140,30.0
10,7,141,30.0
10,7,142,30.0
10,7,143,30.0
10,7,144,30.0
10,7,145,30.0
10,7,146,30.0
10,7,147,30.0
10,7,148,30.0
10,7,149,30.0
10,7,150,30.0
10,7,151,30.0
10,7,152,30.0
10,7,153,30.0
10,7,154,30.0
10,7,155,30.0
10,7,156,30.0
10,7,157,30.0
10,7,158,30.0
10,7,159,30.0
10,7,160,30.0
10,7,161,30.0
10,7,162,30.0
10,7,163,30.0
10,7,164,30.0
10,7,165,30.0
10,7,166,30.0
10,7,167,30.0
10,7,168,30.0
10,7,169,30.0
10,7,170,30.0
10,7,171,30.0
10,7,172,30.0
10,7,173,30.0
10,7,174,30.0
10,7,175,30.0
10,7,176,30.0
10,7,177,30.0
10,7,178,30.0
10,7,179,30.0
10,7,180,30.0
10,7,181,30.0
10,7,182,30.0
10,7,183,30.0
10,7,184,30.0
10,7,185,30.0
10,7,186,30.0
10,7,187,30.0
10,7,188,30.0
10,7,189,30.0
10,7,190,30.0
10,7,191,30.0
10,7,192,30.0
10,7,193,30.0
10,7,194,30.0
10,7,195,30.0
10,7,196,30.0
10,7,197,30.0
10,7,198,30.0
10,7,199,30.0
10,7,200,30.0
10,8,0,40.37147465855506
10,8,1,39.6238025352102
10,8,2,34.90993959860994
10,8,3,32.634442082129524
10,8,4,32.302324330450176
10,8,5,31.829641985373037
10,8,6,31.471628740282487
10,8,7,30.742547054514198
10,8,8,30.173545899361322
10,8,9,30.0
10,8,10,30.0
10,8,11,30.0
10,8,12,30.0
10,8,13,30.0
10,8,14,30.0
10,8,15,30.0
10,8,16,30.0
10,8,17,30.0
10,8,18,30.0
10,8,19,30.0
10,8,20,30.0
10,8,21,30.0
10,8,22,30.0
10,8,23,30.0
10,8,24,30.0
10,8,25,30.0
10,8,26,30.0
10,8,27,30.0
10,8,28,30.0
10,8,29,30.0
10,8,30,30.0
10,8,31,30.0
10,8,32,30.0
10,8,33,30.0
10,8,34,30.0
10,8,35,30.0
10,8,36,30.0
10,8,37,30.0
10,8,38,30.0
10,8,39,30.0
10,8,40,30.0
10,8,41,30.0
10,8,42,30.0
10,8,43,30.0
10,8,44,30.0
10,8,45,30.0
10,8,46,30.0
10,8,47,30.0
10,8,48,30.0
10,8,49,30.0
10,8,50,30.0
10,8,51,30.0
10,8,52,30.0
10,8,53,30.0
10,8,54,30.0
10,8,55,30.0
10,8,56,30.0
10,8,57,30.0
10,8,58,30.0
10,8,59,30.0
10,8,60,30.0
10,8,61,30.0
10,8,62,30.0
10,8,63,30.0
10,8,64,30.0
10,8,65,30.0
10,8,66,30.0
10,8,67,30.0
10,8,68,30.0
10,8,69,30.0
10,8,70,30.0
10,8,71,30.0
10,8,72,30.0
10,8,73,30.0
10,8,74,30.0
10,8,75,30.0
10,8,76,30.0
10,8,77,30.0
10,8,78,30.0
10,8,79,30.0
10,8,80,30.0
10,8,81,30.0
10,8,82,30.0
10,8,83,30.0
10,8,84,30.0
10,8,85,30.0
10,8,86,30.0
10,8,87,30.0
10,8,88,30.0
10,8,89,30.0
10,8,90,30.0
10,8,91,30.0
10,8,92,30.0
10,8,93,30.0
10,8,94,30.0
10,8,95,30.0
10,8,96,30.0
10,8,97,30.0
10,8,98,30.0
10,8,99,30.0
10,8,100,30.0
10,8,101,30.0
10,8,102,30.0
10,8,103,30.0
10,8,104,30.0
10,8,105,30.0
10,8,106,30.0
10,8,107,30.0
10,8,108,30.0
10,8,109,30.0
10,8,110,30.0
10,8,111,30.0
10,8,112,30.0
10,8,113,30.0
10,8,114,30.0
10,8,115,30.0
10,8,116,30.0
10,8,117,30.0
10,8,118,30.0
10,8,119,30.0
10,8,120,30.0
10,8,121,30.0
10,8,122,30.0
10,8,123,30.0
10,8,124,30.0
10,8,125,30.0
10,8,126,30.0
10,8,127,30.0
10,8,128,30.0
10,8,129,30.0
10,8,130,30.0
10,8,131,30.0
10,8,132,30.0
10,8,133,30.0
10,8,134,30.0
10,8,135,30.0
10,8,136,30.0
10,8,137,30.0
10,8,138,30.0
10,8,139,30.0
10,8,140,30.0
10,8,141,30.0
10,8,142,30.0
10,8,143,30.0
10,8,144,30.0
10,8,145,30.0
10,8,146,30.0
10,8,147,30.0
10,8,148,30.0
10,8,149,30.0
10,8,150,30.0
10,8,151,30.0
10,8,152,30.0
10,8,153,30.0
10,8,154,30.0
10,8,155,30.0
10,8,156,30.0
10,8,157,30.0
10,8,158,30.0
10,8,159,30.0
10,8,160,30.0
10,8,161,30.0
10,8,162,30.0
10,8,163,30.0
10,8,164,30.0
10,8,165,30.0
10,8,166,30.0
10,8,167,30.0
10,8,168,30.0
10,8,169,30.0
10,8,170,30.0
10,8,171,30.0
10,8,172,30.0
10,8,173,30.0
10,8,174,30.0
10,8,175,30.0
10,8,176,30.0
10,8,177,30.0
10,8,178,30.0
10,8,179,30.0
10,8,180,30.0
10,8,181,30.0
10,8,182,30.0
10,8,183,30.0
10,8,184,30.0
10,8,185,30.0
10,8,186,30.0
10,8,187,30.0
10,8,188,30.0
10,8,189,30.0
10,8,190,30.0
10,8,191,30.0
10,8,192,30.0
10,8,193,30.0
10,8,194,30.0
10,8,195,30.0
10,8,196,30.0
10,8,197,30.0
10,8,198,30.0
10,8,199,30.0
10,8,200,30.0
10,9,0,39.89758398865725
10,9,1,38.271931399331855
10,9,2,37.545078254538375
10,9,3,36.5800984262666
10,9,4,35.79793979679342
10,9,5,34.25552369122835
10,9,6,33.09204628900417
10,9,7,32.953295494142964
10,9,8,32.744392278189096
10,9,9,32.433384219366474
10,9,10,32.123052116627456
10,9,11,31.89076604327477
10,9,12,31.57580604534776
10,9,13,31.30911114796948
10,9,14,30.990147238353927
10,9,15,30.57876929428536
10,9,16,30.278056978645147
10,9,17,30.0
10,9,18,30.0
10,9,19,30.0
10,9,20,30.0
10,9,21,30.0
10,9,22,30.0
10,9,23,30.0
10,9,24,30.0
10,9,25,30.0
10,9,26,30.0
10,9,27,30.0
10,9,28,30.0
10,9,29,30.0
10,9,30,30.0
10,9,31,30.0
10,9,32,30.0
10,9,33,30.0
10,9,34,30.0
10,9,35,30.0
10,9,36,30.0
10,9,37,30.0
10,9,38,30.0
10,9,39,30.0
10,9,40,30.0
10,9,41,30.0
10,9,42,30.0
10,9,43,30.0
10,9,44,30.0
10,9,45,30.0
10,9,46,30.0
10,9,47,30.0
10,9,48,30.0
10,9,49,30.0
10,9,50,30.0
10,9,51,30.0
10,9,52,30.0
10,9,53,30.0
10,9,54,30.0
10,9,55,30.0
10,9,56,30.0
10,9,57,30.0
10,9,58,30.0
10,9,59,30.0
10,9,60,30.0
10,9,61,30.0
10,9,62,30.0
10,9,63,30.0
10,9,64,30.0
10,9,65,30.0
10,9,66,30.0
10,9,67,30.0
10,9,68,30.0
10,9,69,30.0
10,9,70,30.0
10,9,71,30.0
10,9,72,30.0
10,9,73,30.0
10,9,74,30.0
10,9,75,30.0
10,9,76,30.0
10,9,77,30.0
10,9,78,30.0
10,9,79,30.0
10,9,80,30.0
10,9,81,30.0
10,9,82,30.0
10,9,83,30.0
10,9,84,30.0
10,9,85,30.0
10,9,86,30.0
10,9,87,30.0
10,9,88,30.0
10,9,89,30.0
10,9,90,30.0
10,9,91,30.0
10,9,92,30.0
10,9,93,30.0
10,9,94,30.0
10,9,95,30.0
10,9,96,30.0
10,9,97,30.0
10,9,98,30.0
10,9,99,30.0
10,9,100,30.0
10,9,101,30.0
10,9,102,30.0
10,9,103,30.0
10,9,104,30.0
10,9,105,30.0
10,9,106,30.0
10,9,107,30.0
10,9,108,30.0
10,9,109,30.0
10,9,110,30.0
10,9,111,30.0
10,9,112,30.0
10,9,113,30.0
10,9,114,30.0
10,9,115,30.0
10,9,116,30.0
10,9,117,30.0
10,9,118,30.0
10,9,119,30.0
10,9,120,30.0
10,9,121,30.0
10,9,122,30.0
10,9,123,30.0
10,9,124,30.0
10,9,125,30.0
10,9,126,30.0
10,9,127,30.0
10,9,128,30.0
10,9,129,30.0
10,9,130,30.0
10,9,131,30.0
10,9,132,30.0
10,9,133,30.0
10,9,134,30.0
10,9,135,30.0
10,9,136,30.0
10,9,137,30.0
10,9,138,30.0
10,9,139,30.0
10,9,140,30.0
10,9,141,30.0
10,9,142,30.0
10,9,143,30.0
10,9,144,30.0
10,9,145,30.0
10,9,146,30.0
10,9,147,30.0
10,9,148,30.0
10,9,149,30.0
10,9,150,30.0
10,9,151,30.0
10,9,152,30.0
10,9,153,30.0
10,9,154,30.0
10,9,155,30.0
10,9,156,30.0
10,9,157,30.0
10,9,158,30.0
10,9,159,30.0
10,9,160,30.0
10,9,161,30.0
10,9,162,30.0
10,9,163,30.0
10,9,164,30.0
10,9,165,30.0
10,9,166,30.0
10,9,167,30.0
10,9,168,30.0
10,9,169,30.0
10,9,170,30.0
10,9,171,30.0
10,9,172,30.0
10,9,173,30.0
10,9,174,30.0
10,9,175,30.0
10,9,176,30.0
10,9,177,30.0
10,9,178,30.0
10,9,179,30.0
10,9,180,30.0
10,9,181,30.0
10,9,182,30.0
10,9,183,30.0
10,9,184,30.0
10,9,185,30.0
10,9,186,30.0
10,9,187,30.0
10,9,188,30.0
10,9,189,30.0
10,9,190,30.0
10,9,191,30.0
10,9,192,30.0
10,9,193,30.0
10,9,194,30.0
10,9,195,30.0
10,9,196,30.0
10,9,197,30.0
10,9,198,30.0
10,9,199,30.0
10,9,200,30.0
30,0,0,40.98594182332218
30,0,1,39.4691928681214
30,0,2,34.74803364608162
30,0,3,33.23968502897413
30,0,4,31.359655801540026
30,0,5,30.2925444211181
30,0,6,30.0
30,0,7,30.0
30,0,8,30.0
30,0,9,30.0
30,0,10,30.0
30,0,11,30.0
30,0,12,30.0
30,0,13,30.0
30,0,14,30.0
30,0,15,30.0
30,0,16,30.0
30,0,17,30.0
30,0,18,30.0
30,0,19,30.0
30,0,20,30.0
30,0,21,30.0
30,0,22,30.0
30,0,23,30.0
30,0,24,30.0
30,0,25,30.0
30,0,26,30.0
30,0,27,30.0
30,0,28,30.0
30,0,29,30.0
30,0,30,30.0
30,0,31,30.0
30,0,32,30.0
30,0,33,30.0
30,0,34,30.0
30,0,35,30.0
30,0,36,30.0
30,0,37,30.0
30,0,38,30.0
30,0,39,30.0
30,0,40,30.0
30,0,41,30.0
30,0,42,30.0
30,0,43,30.0
30,0,44,30.0
30,0,45,30.0
30,0,46,30.0
30,0,47,30.0
30,0,48,30.0
30,0,49,30.0
30,0,50,30.0
30,0,51,30.0
30,0,52,30.0
30,0,53,30.0
30,0,54,30.0
30,0,55,30.0
30,0,56,30.0
30,0,57,30.0
30,0,58,30.0
30,0,59,30.0
30,0,60,30.0
30,0,61,30.0
30,0,62,30.0
30,0,63,30.0
30,0,64,30.0
30,0,65,30.0
30,0,66,30.0
30,0,67,30.0
30,0,68,30.0
30,0,69,30.0
30,0,70,30.0
30,0,71,30.0
30,0,72,30.0
30,0,73,30.0
30,0,74,30.0
30,0,75,30.0
30,0,76,30.0
30,0,77,30.0
30,0,78,30.0
30,0,79,30.0
30,0,80,30.0
30,0,81,30.0
30,0,82,30.0
30,0,83,30.0
30,0,84,30.0
30,0,85,30.0
30,0,86,30.0
30,0,87,30.0
30,0,88,30.0
30,0,89,30.0
30,0,90,30.0
30,0,91,30.0
30,0,92,30.0
30,0,93,30.0
30,0,94,30.0
30,0,95,30.0
30,0,96,30.0
30,0,97,30.0
30,0,98,30.0
30,0,99,30.0
30,0,100,30.0
30,0,101,30.0
30,0,102,30.0
30,0,103,30.0
30,0,104,30.0
30,0,105,30.0
30,0,106,30.0
30,0,107,30.0
30,0,108,30.0
30,0,109,30.0
30,0,110,30.0
30,0,111,30.0
30,0,112,30.0
30,0,113,30.0
30,0,114,30.0
30,0,115,30.0
30,0,116,30.0
30,0,117,30.0
30,0,118,30.0
30,0,119,30.0
30,0,120,30.0
30,0,121,30.0
30,0,122,30.0
30,0,123,30.0
30,0,124,30.0
30,0,125,30.0
30,0,126,30.0
30,0,127,30.0
30,0,128,30.0
30,0,129,30.0
30,0,130,30.0
30,0,131,30.0
30,0,132,30.0
30,0,133,30.0
30,0,134,30.0
30,0,135,30.0
30,0,136,30.0
30,0,137,30.0
30,0,138,30.0
30,0,139,30.0
30,0,140,30.0
30,0,141,30.0
30,0,142,30.0
30,0,143,30.0
30,0,144,30.0
30,0,145,30.0
30,0,146,30.0
30,0,147,30.0
30,0,148,30.0
30,0,149,30.0
30,0,150,30.0
30,0,151,30.0
30,0,152,30.0
30,0,153,30.0
30,0,154,30.0
30,0,155,30.0
30,0,156,30.0
30,0,157,30.0
30,0,158,30.0
30,0,159,30.0
30,0,160,30.0
30,0,161,30.0
30,0,162,30.0
30,0,163,30.0
30,0,164,30.0
30,0,165,30.0
30,0,166,30.0
30,0,167,30.0
30,0,168,30.0
30,0,169,30.0
30,0,170,30.0
30,0,171,30.0
30,0,172,30.0
30,0,173,30.0
30,0,174,30.0
30,0,175,30.0
30,0,176,30.0
30,0,177,30.0
30,0,178,30.0
30,0,179,30.0
30,0,180,30.0
30,0,181,30.0
30,0,182,30.0
30,0,183,30.0
30,0,184,30.0
30,0,185,30.0
30,0,186,30.0
30,0,187,30.0
30,0,188,30.0
30,0,189,30.0
30,0,190,30.0
30,0,191,30.0
30,0,192,30.0
30,0,193,30.0
30,0,194,30.0
30,0,195,30.0
30,0,196,30.0
30,0,197,30.0
30,0,198,30.0
30,0,199,30.0
30,0,200,30.0
30,1,0,40.393238164114074
30,1,1,35.82903524440634
30,1,2,34.78985809934824
30,1,3,33.79993936086552
30,1,4,32.475060010076625
30,1,5,31.527259729292403
30,1,6,31.180240289978748
30,1,7,30.88630105767839
30,1,8,30.361517191607966
30,1,9,30.0
30,1,10,30.0
30,1,11,30.0
30,1,12,30.0
30,1,13,30.0
30,1,14,30.0
30,1,15,30.0
30,1,16,30.0
30,1,17,30.0
30,1,18,30.0
30,1,19,30.0
30,1,20,30.0
30,1,21,30.0
30,1,22,30.0
30,1,23,30.0
30,1,24,30.0
30,1,25,30.0
30,1,26,30.0
30,1,27,30.0
30,1,28,30.0
30,1,29,30.0
30,1,30,30.0
30,1,31,30.0
30,1,32,30.0
30,1,33,30.0
30,1,34,30.0
30,1,35,30.0
30,1,36,30.0
30,1,37,30.0
30,1,38,30.0
30,1,39,30.0
30,1,40,30.0
30,1,41,30.0
30,1,42,30.0
30,1,43,30.0
30,1,44,30.0
30,1,45,30.0
30,1,46,30.0
30,1,47,30.0
30,1,48,30.0
30,1,49,30.0
30,1,50,30.0
30,1,51,30.0
30,1,52,30.0
30,1,53,30.0
30,1,54,30.0
30,1,55,30.0
30,1,56,30.0
30,1,57,30.0
30,1,58,30.0
30,1,59,30.0
30,1,60,30.0
30,1,61,30.0
30,1,62,30.0
30,1,63,30.0
30,1,64,30.0
30,1,65,30.0
30,1,66,30.0
30,1,67,30.0
30,1,68,30.0
30,1,69,30.0
30,1,70,30.0
30,1,71,30.0
30,1,72,30.0
30,1,73,30.0
30,1,74,30.0
30,1,75,30.0
30,1,76,30.0
30,1,77,30.0
30,1,78,30.0
30,1,79,30.0
30,1,80,30.0
30,1,81,30.0
30,1,82,30.0
30,1,83,30.0
30,1,84,30.0
30,1,85,30.0
30,1,86,30.0
30,1,87,30.0
30,1,88,30.0
30,1,89,30.0
30,1,90,30.0
30,1,91,30.0
30,1,92,30.0
30,1,93,30.0
30,1,94,30.0
30,1,95,30.0
30,1,96,30.0
30,1,97,30.0
30,1,98,30.0
30,1,99,30.0
30,1,100,30.0
30,1,101,30.0
30,1,102,30.0
30,1,103,30.0
30,1,104,30.0
30,1,105,30.0
30,1,106,30.0
30,1,107,30.0
30,1,108,30.0
30,1,109,30.0
30,1,110,30.0
30,1,111,30.0
30,1,112,30.0
30,1,113,30.0
30,1,114,30.0
30,1,115,30.0
30,1,116,30.0
30,1,117,30.0
30,1,118,30.0
30,1,119,30.0
30,1,120,30.0
30,1,121,30.0
30,1,122,30.0
30,1,123,30.0
30,1,124,30.0
30,1,125,30.0
30,1,126,30.0
30,1,127,30.0
30,1,128,30.0
30,1,129,30.0
30,1,130,30.0
30,1,131,30.0
30,1,132,30.0
30,1,133,30.0
30,1,134,30.0
30,1,135,30.0
30,1,136,30.0
30,1,137,30.0
30,1,138,30.0
30,1,139,30.0
30,1,140,30.0
30,1,141,30.0
30,1,142,30.0
30,1,143,30.0
30,1,144,30.0
30,1,145,30.0
30,1,146,30.0
30,1,147,30.0
30,1,148,30.0
30,1,149,30.0
30,1,150,30.0
30,1,151,30.0
30,1,152,30.0
30,1,153,30.0
30,1,154,30.0
30,1,155,30.0
30,1,156,30.0
30,1,157,30.0
30,1,158,30.0
30,1,159,30.0
30,1,160,30.0
30,1,161,30.0
30,1,162,30.0
30,1,163,30.0
30,1,164,30.0
30,1,165,30.0
30,1,166,30.0
30,1,167,30.0
30,1,168,30.0
30,1,169,30.0
30,1,170,30.0
30,1,171,30.0
30,1,172,30.0
30,1,173,30.0
30,1,174,30.0
30,1,175,30.0
30,1,176,30.0
30,1,177,30.0
30,1,178,30.0
30,1,179,30.0
30,1,180,30.0
30,1,181,30.0
30,1,182,30.0
30,1,183,30.0
30,1,184,30.0
30,1,185,30.0
30,1,186,30.0
30,1,187,30.0
30,1,188,30.0
30,1,189,30.0
30,1,190,30.0
30,1,191,30.0
30,1,192,30.0
30,1,193,30.0
30,1,194,30.0
30,1,195,30.0
30,1,196,30.0
30,1,197,30.0
30,1,198,30.0
30,1,199,30.0
30,1,200,30.0
30,2,0,34.66313647508133
30,2,1,32.73661933375021
30,2,2,30.773446624160883
30,2,3,30.0
30,2,4,30.0
30,2,5,30.0
30,2,6,30.0
30,2,7,30.0
30,2,8,30.0
30,2,9,30.0
30,2,10,30.0
30,2,11,30.0
30,2,12,30.0
30,2,13,30.0
30,2,14,30.0
30,2,15,30.0
30,2,16,30.0
30,2,17,30.0
30,2,18,30.0
30,2,19,30.0
30,2,20,30.0
30,2,21,30.0
30,2,22,30.0
30,2,23,30.0
30,2,24,30.0
30,2,25,30.0
30,2,26,30.0
30,2,27,30.0
30,2,28,30.0
30,2,29,30.0
30,2,30,30.0
30,2,31,30.0
30,2,32,30.0
30,2,33,30.0
30,2,34,30.0
30,2,35,30.0
30,2,36,30.0
30,2,37,30.0
30,2,38,30.0
30,2,39,30.0
30,2,40,30.0
30,2,41,30.0
30,2,42,30.0
30,2,43,30.0
30,2,44,30.0
30,2,45,30.0
30,2,46,30.0
30,2,47,30.0
30,2,48,30.0
30,2,49,30.0
30,2,50,30.0
30,2,51,30.0
30,2,52,30.0
30,2,53,30.0
30,2,54,30.0
30,2,55,30.0
30,2,56,30.0
30,2,57,30.0
30,2,58,30.0
30,2,59,30.0
30,2,60,30.0
30,2,61,30.0
30,2,62,30.0
30,2,63,30.0
30,2,64,30.0
30,2,65,30.0
30,2,66,30.0
30,2,67,30.0
30,2,68,30.0
30,2,69,30.0
30,2,70,30.0
30,2,71,30.0
30,2,72,30.0
30,2,73,30.0
30,2,74,30.0
30,2,75,30.0
30,2,76,30.0
30,2,77,30.0
30,2,78,30.0
30,2,79,30.0
30,2,80,30.0
30,2,81,30.0
30,2,82,30.0
30,2,83,30.0
30,2,84,30.0
30,2,85,30.0
30,2,86,30.0
30,2,87,30.0
30,2,88,30.0
30,2,89,30.0
30,2,90,30.0
30,2,91,30.0
30,2,92,30.0
30,2,93,30.0
30,2,94,30.0
30,2,95,30.0
30,2,96,30.0
30,2,97,30.0
30,2,98,30.0
30,2,99,30.0
30,2,100,30.0
30,2,101,30.0
30,2,102,30.0
30,2,103,30.0
30,2,104,30.0
30,2,105,30.0
30,2,106,30.0
30,2,107,30.0
30,2,108,30.0
30,2,109,30.0
30,2,110,30.0
30,2,111,30.0
30,2,112,30.0
30,2,113,30.0
30,2,114,30.0
30,2,115,30.0
30,2,116,30.0
30,2,117,30.0
30,2,118,30.0
30,2,119,30.0
30,2,120,30.0
30,2,121,30.0
30,2,122,30.0
30,2,123,30.0
30,2,124,30.0
30,2,125,30.0
30,2,126,30.0
30,2,127,30.0
30,2,128,30.0
30,2,129,30.0
30,2,130,30.0
30,2,131,30.0
30,2,132,30.0
30,2,133,30.0
30,2,134,30.0
30,2,135,30.0
30,2,136,30.0
30,2,137,30.0
30,2,138,30.0
30,2,139,30.0
30,2,140,30.0
30,2,141,30.0
30,2,142,30.0
30,2,143,30.0
30,2,144,30.0
30,2,145,30.0
30,2,146,30.0
30,2,147,30.0
30,2,148,30.0
30,2,149,30.0
30,2,150,30.0
30,2,151,30.0
30,2,152,30.0
30,2,153,30.0
30,2,154,30.0
30,2,155,30.0
30,2,156,30.0
30,2,157,30.0
30,2,158,30.0
30,2,159,30.0
30,2,160,30.0
30,2,161,30.0
30,2,162,30.0
30,2,163,30.0
30,2,164,30.0
30,2,165,30.0
30,2,166,30.0
30,2,167,30.0
30,2,168,30.0
30,2,169,30.0
30,2,170,30.0
30,2,171,30.0
30,2,172,30.0
30,2,173,30.0
30,2,174,30.0
30,2,175,30.0
30,2,176,30.0
30,2,177,30.0
30,2,178,30.0
30,2,179,30.0
30,2,180,30.0
30,2,181,30.0
30,2,182,30.0
30,2,183,30.0
30,2,184,30.0
30,2,185,30.0
30,2,186,30.0
30,2,187,30.0
30,2,188,30.0
30,2,189,30.0
30,2,190,30.0
30,2,191,30.0
30,2,192,30.0
30,2,193,30.0
30,2,194,30.0
30,2,195,30.0
30,2,196,30.0
30,2,197,30.0
30,2,198,30.0
30,2,199,30.0
30,2,200,30.0
30,3,0,40.25998429325651
30,3,1,37.54221442326234
30,3,2,35.01845758120058
30,3,3,33.792628525239735
30,3,4,32.37702863800177
30,3,5,31.377530854527585
30,3,6,30.265154046368007
30,3,7,30.0
30,3,8,30.0
30,3,9,30.0
30,3,10,30.0
30,3,11,30.0
30,3,12,30.0
30,3,13,30.0
30,3,14,30.0
30,3,15,30.0
30,3,16,30.0
30,3,17,30.0
30,3,18,30.0
30,3,19,30.0
30,3,20,30.0
30,3,21,30.0
30,3,22,30.0
30,3,23,30.0
30,3,24,30.0
30,3,25,30.0
30,3,26,30.0
30,3,27,30.0
30,3,28,30.0
30,3,29,30.0
30,3,30,30.0
30,3,31,30.0
30,3,32,30.0
30,3,33,30.0
30,3,34,30.0
30,3,35,30.0
30,3,36,30.0
30,3,37,30.0
30,3,38,30.0
30,3,39,30.0
30,3,40,30.0
30,3,41,30.0
30,3,42,30.0
30,3,43,30.0
30,3,44,30.0
30,3,45,30.0
30,3,46,30.0
30,3,47,30.0
30,3,48,30.0
30,3,49,30.0
30,3,50,30.0
30,3,51,30.0
30,3,52,30.0
30,3,53,30.0
30,3,54,30.0
30,3,55,30.0
30,3,56,30.0
30,3,57,30.0
30,3,58,30.0
30,3,59,30.0
30,3,60,30.0
30,3,61,30.0
30,3,62,30.0
30,3,63,30.0
30,3,64,30.0
30,3,65,30.0
30,3,66,30.0
30,3,67,30.0
30,3,68,30.0
30,3,69,30.0
30,3,70,30.0
30,3,71,30.0
30,3,72,30.0
30,3,73,30.0
30,3,74,30.0
30,3,75,30.0
30,3,76,30.0
30,3,77,30.0
30,3,78,30.0
30,3,79,30.0
30,3,80,30.0
30,3,81,30.0
30,3,82,30.0
30,3,83,30.0
30,3,84,30.0
30,3,85,30.0
30,3,86,30.0
30,3,87,30.0
30,3,88,30.0
30,3,89,30.0
30,3,90,30.0
30,3,91,30.0
30,3,92,30.0
30,3,93,30.0
30,3,94,30.0
30,3,95,30.0
30,3,96,30.0
30,3,97,30.0
30,3,98,30.0
30,3,99,30.0
30,3,100,30.0
30,3,101,30.0
30,3,102,30.0
30,3,103,30.0
30,3,104,30.0
30,3,105,30.0
30,3,106,30.0
30,3,107,30.0
30,3,108,30.0
30,3,109,30.0
30,3,110,30.0
30,3,111,30.0
30,3,112,30.0
30,3,113,30.0
30,3,114,30.0
30,3,115,30.0
30,3,116,30.0
30,3,117,30.0
30,3,118,30.0
30,3,119,30.0
30,3,120,30.0
30,3,121,30.0
30,3,122,30.0
30,3,123,30.0
30,3,124,30.0
30,3,125,30.0
30,3,126,30.0
30,3,127,30.0
30,3,128,30.0
30,3,129,30.0
30,3,130,30.0
30,3,131,30.0
30,3,132,30.0
30,3,133,30.0
30,3,134,30.0
30,3,135,30.0
30,3,136,30.0
30,3,137,30.0
30,3,138,30.0
30,3,139,30.0
30,3,140,30.0
30,3,141,30.0
30,3,142,30.0
30,3,143,30.0
30,3,144,30.0
30,3,145,30.0
30,3,146,30.0
30,3,147,30.0
30,3,148,30.0
30,3,149,30.0
30,3,150,30.0
30,3,151,30.0
30,3,152,30.0
30,3,153,30.0
30,3,154,30.0
30,3,155,30.0
30,3,156,30.0
30,3,157,30.0
30,3,158,30.0
30,3,159,30.0
30,3,160,30.0
30,3,161,30.0
30,3,162,30.0
30,3,163,30.0
30,3,164,30.0
30,3,165,30.0
30,3,166,30.0
30,3,167,30.0
30,3,168,30.0
30,3,169,30.0
30,3,170,30.0
30,3,171,30.0
30,3,172,30.0
30,3,173,30.0
30,3,174,30.0
30,3,175,30.0
30,3,176,30.0
30,3,177,30.0
30,3,178,30.0
30,3,179,30.0
30,3,180,30.0
30,3,181,30.0
30,3,182,30.0
30,3,183,30.0
30,3,184,30.0
30,3,185,30.0
30,3,186,30.0
30,3,187,30.0
30,3,188,30.0
30,3,189,30.0
30,3,190,30.0
30,3,191,30.0
30,3,192,30.0
30,3,193,30.0
30,3,194,30.0
30,3,195,30.0
30,3,196,30.0
30,3,197,30.0
30,3,198,30.0
30,3,199,30.0
30,3,200,30.0
30,4,0,41.965749184559996
30,4,1,37.727645859535784
30,4,2,33.76646889840075
30,4,3,32.250700612003094
30,4,4,31.78720730825824
30,4,5,31.625807076768673
30,4,6,31.013279951570603
30,4,7,30.47279294148138
30,4,8,30.0
30,4,9,30.0
30,4,10,30.0
30,4,11,30.0
30,4,12,30.0
30,4,13,30.0
30,4,14,30.0
30,4,15,30.0
30,4,16,30.0
30,4,17,30.0
30,4,18,30.0
30,4,19,30.0
30,4,20,30.0
30,4,21,30.0
30,4,22,30.0
30,4,23,30.0
30,4,24,30.0
30,4,25,30.0
30,4,26,30.0
30,4,27,30.0
30,4,28,30.0
30,4,29,30.0
30,4,30,30.0
30,4,31,30.0
30,4,32,30.0
30,4,33,30.0
30,4,34,30.0
30,4,35,30.0
30,4,36,30.0
30,4,37,30.0
30,4,38,30.0
30,4,39,30.0
30,4,40,30.0
30,4,41,30.0
30,4,42,30.0
30,4,43,30.0
30,4,44,30.0
30,4,45,30.0
30,4,46,30.0
30,4,47,30.0
30,4,48,30.0
30,4,49,30.0
30,4,50,30.0
30,4,51,30.0
30,4,52,30.0
30,4,53,30.0
30,4,54,30.0
30,4,55,30.0
30,4,56,30.0
30,4,57,30.0
30,4,58,30.0
30,4,59,30.0
30,4,60,30.0
30,4,61,30.0
30,4,62,30.0
30,4,63,30.0
30,4,64,30.0
30,4,65,30.0
30,4,66,30.0
30,4,67,30.0
30,4,68,30.0
30,4,69,30.0
30,4,70,30.0
30,4,71,30.0
30,4,72,30.0
30,4,73,30.0
30,4,74,30.0
30,4,75,30.0
30,4,76,30.0
30,4,77,30.0
30,4,78,30.0
30,4,79,30.0
30,4,80,30.0
30,4,81,30.0
30,4,82,30.0
30,4,83,30.0
30,4,84,30.0
30,4,85,30.0
30,4,86,30.0
30,4,87,30.0
30,4,88,30.0
30,4,89,30.0
30,4,90,30.0
30,4,91,30.0
30,4,92,30.0
30,4,93,30.0
30,4,94,30.0
30,4,95,30.0
30,4,96,30.0
30,4,97,30.0
30,4,98,30.0
30,4,99,30.0
30,4,100,30.0
30,4,101,30.0
30,4,102,30.0
30,4,103,30.0
30,4,104,30.0
30,4,105,30.0
30,4,106,30.0
30,4,107,30.0
30,4,108,30.0
30,4,109,30.0
30,4,110,30.0
30,4,111,30.0
30,4,112,30.0
30,4,113,30.0
30,4,114,30.0
30,4,115,30.0
30,4,116,30.0
30,4,117,30.0
30,4,118,30.0
30,4,119,30.0
30,4,120,30.0
30,4,121,30.0
30,4,122,30.0
30,4,123,30.0
30,4,124,30.0
30,4,125,30.0
30,4,126,30.0
30,4,127,30.0
30,4,128,30.0
30,4,129,30.0
30,4,130,30.0
30,4,131,30.0
30,4,132,30.0
30,4,133,30.0
30,4,134,30.0
30,4,135,30.0
30,4,136,30.0
30,4,137,30.0
30,4,138,30.0
30,4,139,30.0
30,4,140,30.0
30,4,141,30.0
30,4,142,30.0
30,4,143,30.0
30,4,144,30.0
30,4,145,30.0
30,4,146,30.0
30,4,147,30.0
30,4,148,30.0
30,4,149,30.0
30,4,150,30.0
30,4,151,30.0
30,4,152,30.0
30,4,153,30.0
30,4,154,30.0
30,4,155,30.0
30,4,156,30.0
30,4,157,30.0
30,4,158,30.0
30,4,159,30.0
30,4,160,30.0
30,4,161,30.0
30,4,162,30.0
30,4,163,30.0
30,4,164,30.0
30,4,165,30.0
30,4,166,30.0
30,4,167,30.0
30,4,168,30.0
30,4,169,30.0
30,4,170,30.0
30,4,171,30.0
30,4,172,30.0
30,4,173,30.0
30,4,174,30.0
30,4,175,30.0
30,4,176,30.0
30,4,177,30.0
30,4,178,30.0
30,4,179,30.0
30,4,180,30.0
30,4,181,30.0
30,4,182,30.0
30,4,183,30.0
30,4,184,30.0
30,4,185,30.0
30,4,186,30.0
30,4,187,30.0
30,4,188,30.0
30,4,189,30.0
30,4,190,30.0
30,4,191,30.0
30,4,192,30.0
30,4,193,30.0
30,4,194,30.0
30,4,195,30.0
30,4,196,30.0
30,4,197,30.0
30,4,198,30.0
30,4,199,30.0
30,4,200,30.0
30,5,0,40.37332311478196
30,5,1,37.22200200250736
30,5,2,33.89931574517719
30,5,3,32.197424788764984
30,5,4,31.247882574666363
30,5,5,30.85434807799735
30,5,6,30.149124576610006
30,5,7,30.0
30,5,8,30.0
30,5,9,30.0
30,5,10,30.0
30,5,11,30.0
30,5,12,30.0
30,5,13,30.0
30,5,14,30.0
30,5,15,30.0
30,5,16,30.0
30,5,17,30.0
30,5,18,30.0
30,5,19,30.0
30,5,20,30.0
30,5,21,30.0
30,5,22,30.0
30,5,23,30.0
30,5,24,30.0
30,5,25,30.0
30,5,26,30.0
30,5,27,30.0
30,5,28,30.0
30,5,29,30.0
30,5,30,30.0
30,5,31,30.0
30,5,32,30.0
30,5,33,30.0
30,5,34,30.0
30,5,35,30.0
30,5,36,30.0
30,5,37,30.0
30,5,38,30.0
30,5,39,30.0
30,5,40,30.0
30,5,41,30.0
30,5,42,30.0
30,5,43,30.0
30,5,44,30.0
30,5,45,30.0
30,5,46,30.0
30,5,47,30.0
30,5,48,30.0
30,5,49,30.0
30,5,50,30.0
30,5,51,30.0
30,5,52,30.0
30,5,53,30.0
30,5,54,30.0
30,5,55,30.0
30,5,56,30.0
30,5,57,30.0
30,5,58,30.0
30,5,59,30.0
30,5,60,30.0
30,5,61,30.0
30,5,62,30.0
30,5,63,30.0
30,5,64,30.0
30,5,65,30.0
30,5,66,30.0
30,5,67,30.0
30,5,68,30.0
30,5,69,30.0
30,5,70,30.0
30,5,71,30.0
30,5,72,30.0
30,5,73,30.0
30,5,74,30.0
30,5,75,30.0
30,5,76,30.0
30,5,77,30.0
30,5,78,30.0
30,5,79,30.0
30,5,80,30.0
30,5,81,30.0
30,5,82,30.0
30,5,83,30.0
30,5,84,30.0
30,5,85,30.0
30,5,86,30.0
30,5,87,30.0
30,5,88,30.0
30,5,89,30.0
30,5,90,30.0
30,5,91,30.0
30,5,92,30.0
30,5,93,30.0
30,5,94,30.0
30,5,95,30.0
30,5,96,30.0
30,5,97,30.0
30,5,98,30.0
30,5,99,30.0
30,5,100,30.0
30,5,101,30.0
30,5,102,30.0
30,5,103,30.0
30,5,104,30.0
30,5,105,30.0
30,5,106,30.0
30,5,107,30.0
30,5,108,30.0
30,5,109,30.0
30,5,110,30.0
30,5,111,30.0
30,5,112,30.0
30,5,113,30.0
30,5,114,30.0
30,5,115,30.0
30,5,116,30.0
30,5,117,30.0
30,5,118,30.0
30,5,119,30.0
30,5,120,30.0
30,5,121,30.0
30,5,122,30.0
30,5,123,30.0
30,5,124,30.0
30,5,125,30.0
30,5,126,30.0
30,5,127,30.0
30,5,128,30.0
30,5,129,30.0
30,5,130,30.0
30,5,131,30.0
30,5,132,30.0
30,5,133,30.0
30,5,134,30.0
30,5,135,30.0
30,5,136,30.0
30,5,137,30.0
30,5,138,30.0
30,5,139,30.0
30,5,140,30.0
30,5,141,30.0
30,5,142,30.0
30,5,143,30.0
30,5,144,30.0
30,5,145,30.0
30,5,146,30.0
30,5,147,30.0
30,5,148,30.0
30,5,149,30.0
30,5,150,30.0
30,5,151,30.0
30,5,152,30.0
30,5,153,30.0
30,5,154,30.0
30,5,155,30.0
30,5,156,30.0
30,5,157,30.0
30,5,158,30.0
30,5,159,30.0
30,5,160,30.0
30,5,161,30.0
30,5,162,30.0
30,5,163,30.0
30,5,164,30.0
30,5,165,30.0
30,5,166,30.0
30,5,167,30.0
30,5,168,30.0
30,5,169,30.0
30,5,170,30.0
30,5,171,30.0
30,5,172,30.0
30,5,173,30.0
30,5,174,30.0
30,5,175,30.0
30,5,176,30.0
30,5,177,30.0
30,5,178,30.0
30,5,179,30.0
30,5,180,30.0
30,5,181,30.0
30,5,182,30.0
30,5,183,30.0
30,5,184,30.0
30,5,185,30.0
30,5,186,30.0
30,5,187,30.0
30,5,188,30.0
30,5,189,30.0
30,5,190,30.0
30,5,191,30.0
30,5,192,30.0
30,5,193,30.0
30,5,194,30.0
30,5,195,30.0
30,5,196,30.0
30,5,197,30.0
30,5,198,30.0
30,5,199,30.0
30,5,200,30.0
30,6,0,41.56736348199355
30,6,1,40.24322746994872
30,6,2,35.318605009258555
30,6,3,33.2822527085186
30,6,4,31.72123453460106
30,6,5,30.99369274486841
30,6,6,30.491070624111597
30,6,7,30.0
30,6,8,30.0
30,6,9,30.0
30,6,10,30.0
30,6,11,30.0
30,6,12,30.0
30,6,13,30.0
30,6,14,30.0
30,6,15,30.0
30,6,16,30.0
30,6,17,30.0
30,6,18,30.0
30,6,19,30.0
30,6,20,30.0
30,6,21,30.0
30,6,22,30.0
30,6,23,30.0
30,6,24,30.0
30,6,25,30.0
30,6,26,30.0
30,6,27,30.0
30,6,28,30.0
30,6,29,30.0
30,6,30,30.0
30,6,31,30.0
30,6,32,30.0
30,6,33,30.0
30,6,34,30.0
30,6,35,30.0
30,6,36,30.0
30,6,37,30.0
30,6,38,30.0
30,6,39,30.0
30,6,40,30.0
30,6,41,30.0
30,6,42,30.0
30,6,43,30.0
30,6,44,30.0
30,6,45,30.0
30,6,46,30.0
30,6,47,30.0
30,6,48,30.0
30,6,49,30.0
30,6,50,30.0
30,6,51,30.0
30,6,52,30.0
30,6,53,30.0
30,6,54,30.0
30,6,55,30.0
30,6,56,30.0
30,6,57,30.0
30,6,58,30.0
30,6,59,30.0
30,6,60,30.0
30,6,61,30.0
30,6,62,30.0
30,6,63,30.0
30,6,64,30.0
30,6,65,30.0
30,6,66,30.0
30,6,67,30.0
30,6,68,30.0
30,6,69,30.0
30,6,70,30.0
30,6,71,30.0
30,6,72,30.0
30,6,73,30.0
30,6,74,30.0
30,6,75,30.0
30,6,76,30.0
30,6,77,30.0
30,6,78,30.0
30,6,79,30.0
30,6,80,30.0
30,6,81,30.0
30,6,82,30.0
30,6,83,30.0
30,6,84,30.0
30,6,85,30.0
30,6,86,30.0
30,6,87,30.0
30,6,88,30.0
30,6,89,30.0
30,6,90,30.0
30,6,91,30.0
30,6,92,30.0
30,6,93,30.0
30,6,94,30.0
30,6,95,30.0
30,6,96,30.0
30,6,97,30.0
30,6,98,30.0
30,6,99,30.0
30,6,100,30.0
30,6,101,30.0
30,6,102,30.0
30,6,103,30.0
30,6,104,30.0
30,6,105,30.0
30,6,106,30.0
30,6,107,30.0
30,6,108,30.0
30,6,109,30.0
30,6,110,30.0
30,6,111,30.0
30,6,112,30.0
30,6,113,30.0
30,6,114,30.0
30,6,115,30.0
30,6,116,30.0
30,6,117,30.0
30,6,118,30.0
30,6,119,30.0
30,6,120,30.0
30,6,121,30.0
30,6,122,30.0
30,6,123,30.0
30,6,124,30.0
30,6,125,30.0
30,6,126,30.0
30,6,127,30.0
30,6,128,30.0
30,6,129,30.0
30,6,130,30.0
30,6,131,30.0
30,6,132,30.0
30,6,133,30.0
30,6,134,30.0
30,6,135,30.0
30,6,136,30.0
30,6,137,30.0
30,6,138,30.0
30,6,139,30.0
30,6,140,30.0
30,6,141,30.0
30,6,142,30.0
30,6,143,30.0
30,6,144,30.0
30,6,145,30.0
30,6,146,30.0
30,6,147,30.0
30,6,148,30.0
30,6,149,30.0
30,6,150,30.0
30,6,151,30.0
30,6,152,30.0
30,6,153,30.0
30,6,154,30.0
30,6,155,30.0
30,6,156,30.0
30,6,157,30.0
30,6,158,30.0
30,6,159,30.0
30,6,160,30.0
30,6,161,30.0
30,6,162,30.0
30,6,163,30.0
30,6,164,30.0
30,6,165,30.0
30,6,166,30.0
30,6,167,30.0
30,6,168,30.0
30,6,169,30.0
30,6,170,30.0
30,6,171,30.0
30,6,172,30.0
30,6,173,30.0
30,6,174,30.0
30,6,175,30.0
30,6,176,30.0
30,6,177,30.0
30,6,178,30.0
30,6,179,30.0
30,6,180,30.0
30,6,181,30.0
30,6,182,30.0
30,6,183,30.0
30,6,184,30.0
30,6,185,30.0
30,6,186,30.0
30,6,187,30.0
30,6,188,30.0
30,6,189,30.0
30,6,190,30.0
30,6,191,30.0
30,6,192,30.0
30,6,193,30.0
30,6,194,30.0
30,6,195,30.0
30,6,196,30.0
30,6,197,30.0
30,6,198,30.0
30,6,199,30.0
30,6,200,30.0
30,7,0,41.80441236764969
30,7,1,37.7457581568935
30,7,2,35.68515266360603
30,7,3,33.426233547829796
30,7,4,32.27278023517853
30,7,5,31.82198501087146
30,7,6,30.706745965178243
30,7,7,30.0
30,7,8,30.0
30,7,9,30.0
30,7,10,30.0
30,7,11,30.0
30,7,12,30.0
30,7,13,30.0
30,7,14,30.0
30,7,15,30.0
30,7,16,30.0
30,7,17,30.0
30,7,18,30.0
30,7,19,30.0
30,7,20,30.0
30,7,21,30.0
30,7,22,30.0
30,7,23,30.0
30,7,24,30.0
30,7,25,30.0
30,7,26,30.0
30,7,27,30.0
30,7,28,30.0
30,7,29,30.0
30,7,30,30.0
30,7,31,30.0
30,7,32,30.0
30,7,33,30.0
30,7,34,30.0
30,7,35,30.0
30,7,36,30.0
30,7,37,30.0
30,7,38,30.0
30,7,39,30.0
30,7,40,30.0
30,7,41,30.0
30,7,42,30.0
30,7,43,30.0
30,7,44,30.0
30,7,45,30.0
30,7,46,30.0
30,7,47,30.0
30,7,48,30.0
30,7,49,30.0
30,7,50,30.0
30,7,51,30.0
30,7,52,30.0
30,7,53,30.0
30,7,54,30.0
30,7,55,30.0
30,7,56,30.0
30,7,57,30.0
30,7,58,30.0
30,7,59,30.0
30,7,60,30.0
30,7,61,30.0
30,7,62,30.0
30,7,63,30.0
30,7,64,30.0
30,7,65,30.0
30,7,66,30.0
30,7,67,30.0
30,7,68,30.0
30,7,69,30.0
30,7,70,30.0
30,7,71,30.0
30,7,72,30.0
30,7,73,30.0
30,7,74,30.0
30,7,75,30.0
30,7,76,30.0
30,7,77,30.0
30,7,78,30.0
30,7,79,30.0
30,7,80,30.0
30,7,81,30.0
30,7,82,30.0
30,7,83,30.0
30,7,84,30.0
30,7,85,30.0
30,7,86,30.0
30,7,87,30.0
30,7,88,30.0
30,7,89,30.0
30,7,90,30.0
30,7,91,30.0
30,7,92,30.0
30,7,93,30.0
30,7,94,30.0
30,7,95,30.0
30,7,96,30.0
30,7,97,30.0
30,7,98,30.0
30,7,99,30.0
30,7,100,30.0
30,7,101,30.0
30,7,102,30.0
30,7,103,30.0
30,7,104,30.0
30,7,105,30.0
30,7,106,30.0
30,7,107,30.0
30,7,108,30.0
30,7,109,30.0
30,7,110,30.0
30,7,111,30.0
30,7,112,30.0
30,7,113,30.0
30,7,114,30.0
30,7,115,30.0
30,7,116,30.0
30,7,117,30.0
30,7,118,30.0
30,7,119,30.0
30,7,120,30.0
30,7,121,30.0
30,7,122,30.0
30,7,123,30.0
30,7,124,30.0
30,7,125,30.0
30,7,126,30.0
30,7,127,30.0
30,7,128,30.0
30,7,129,30.0
30,7,130,30.0
30,7,131,30.0
30,7,132,30.0
30,7,133,30.0
30,7,134,30.0
30,7,135,30.0
30,7,136,30.0
30,7,137,30.0
30,7,138,30.0
30,7,139,30.0
30,7,140,30.0
30,7,141,30.0
30,7,142,30.0
30,7,143,30.0
30,7,144,30.0
30,7,145,30.0
30,7,146,30.0
30,7,147,30.0
30,7,148,30.0
30,7,149,30.0
30,7,150,30.0
30,7,151,30.0
30,7,152,30.0
30,7,153,30.0
30,7,154,30.0
30,7,155,30.0
30,7,156,30.0
30,7,157,30.0
30,7,158,30.0
30,7,159,30.0
30,7,160,30.0
30,7,161,30.0
30,7,162,30.0
30,7,163,30.0
30,7,164,30.0
30,7,165,30.0
30,7,166,30.0
30,7,167,30.0
30,7,168,30.0
30,7,169,30.0
30,7,170,30.0
30,7,171,30.0
30,7,172,30.0
30,7,173,30.0
30,7,174,30.0
30,7,175,30.0
30,7,176,30.0
30,7,177,30.0
30,7,178,30.0
30,7,179,30.0
30,7,180,30.0
30,7,181,30.0
30,7,182,30.0
30,7,183,30.0
30,7,184,30.0
30,7,185,30.0
30,7,186,30.0
30,7,187,30.0
30,7,188,30.0
30,7,189,30.0
30,7,190,30.0
30,7,191,30.0
30,7,192,30.0
30,7,193,30.0
30,7,194,30.0
30,7,195,30.0
30,7,196,30.0
30,7,197,30.0
30,7,198,30.0
30,7,199,30.0
30,7,200,30.0
30,8,0,40.37147465855506
30,8,1,34.100943813105104
30,8,2,32.230081376958466
30,8,3,31.769834908681016
30,8,4,31.311531915474625
30,8,5,30.69540008103484
30,8,6,30.0
30,8,7,30.0
30,8,8,30.0
30,8,9,30.0
30,8,10,30.0
30,8,11,30.0
30,8,12,30.0
30,8,13,30.0
30,8,14,30.0
30,8,15,30.0
30,8,16,30.0
30,8,17,30.0
30,8,18,30.0
30,8,19,30.0
30,8,20,30.0
30,8,21,30.0
30,8,22,30.0
30,8,23,30.0
30,8,24,30.0
30,8,25,30.0
30,8,26,30.0
30,8,27,30.0
30,8,28,30.0
30,8,29,30.0
30,8,30,30.0
30,8,31,30.0
30,8,32,30.0
30,8,33,30.0
30,8,34,30.0
30,8,35,30.0
30,8,36,30.0
30,8,37,30.0
30,8,38,30.0
30,8,39,30.0
30,8,40,30.0
30,8,41,30.0
30,8,42,30.0
30,8,43,30.0
30,8,44,30.0
30,8,45,30.0
30,8,46,30.0
30,8,47,30.0
30,8,48,30.0
30,8,49,30.0
30,8,50,30.0
30,8,51,30.0
30,8,52,30.0
30,8,53,30.0
30,8,54,30.0
30,8,55,30.0
30,8,56,30.0
30,8,57,30.0
30,8,58,30.0
30,8,59,30.0
30,8,60,30.0
30,8,61,30.0
30,8,62,30.0
30,8,63,30.0
30,8,64,30.0
30,8,65,30.0
30,8,66,30.0
30,8,67,30.0
30,8,68,30.0
30,8,69,30.0
30,8,70,30.0
30,8,71,30.0
30,8,72,30.0
30,8,73,30.0
30,8,74,30.0
30,8,75,30.0
30,8,76,30.0
30,8,77,30.0
30,8,78,30.0
30,8,79,30.0
30,8,80,30.0
30,8,81,30.0
30,8,82,30.0
30,8,83,30.0
30,8,84,30.0
30,8,85,30.0
30,8,86,30.0
30,8,87,30.0
30,8,88,30.0
30,8,89,30.0
30,8,90,30.0
30,8,91,30.0
30,8,92,30.0
30,8,93,30.0
30,8,94,30.0
30,8,95,30.0
30,8,96,30.0
30,8,97,30.0
30,8,98,30.0
30,8,99,30.0
30,8,100,30.0
30,8,101,30.0
30,8,102,30.0
30,8,103,30.0
30,8,104,30.0
30,8,105,30.0
30,8,106,30.0
30,8,107,30.0
30,8,108,30.0
30,8,109,30.0
30,8,110,30.0
30,8,111,30.0
30,8,112,30.0
30,8,113,30.0
30,8,114,30.0
30,8,115,30.0
30,8,116,30.0
30,8,117,30.0
30,8,118,30.0
30,8,119,30.0
30,8,120,30.0
30,8,121,30.0
30,8,122,30.0
30,8,123,30.0
30,8,124,30.0
30,8,125,30.0
30,8,126,30.0
30,8,127,30.0
30,8,128,30.0
30,8,129,30.0
30,8,130,30.0
30,8,131,30.0
30,8,132,30.0
30,8,133,30.0
30,8,134,30.0
30,8,135,30.0
30,8,136,30.0
30,8,137,30.0
30,8,138,30.0
30,8,139,30.0
30,8,140,30.0
30,8,141,30.0
30,8,142,30.0
30,8,143,30.0
30,8,144,30.0
30,8,145,30.0
30,8,146,30.0
30,8,147,30.0
30,8,148,30.0
30,8,149,30.0
30,8,150,30.0
30,8,151,30.0
30,8,152,30.0
30,8,153,30.0
30,8,154,30.0
30,8,155,30.0
30,8,156,30.0
30,8,157,30.0
30,8,158,30.0
30,8,159,30.0
30,8,160,30.0
30,8,161,30.0
30,8,162,30.0
30,8,163,30.0
30,8,164,30.0
30,8,165,30.0
30,8,166,30.0
30,8,167,30.0
30,8,168,30.0
30,8,169,30.0
30,8,170,30.0
30,8,171,30.0
30,8,172,30.0
30,8,173,30.0
30,8,174,30.0
30,8,175,30.0
30,8,176,30.0
30,8,177,30.0
30,8,178,30.0
30,8,179,30.0
30,8,180,30.0
30,8,181,30.0
30,8,182,30.0
30,8,183,30.0
30,8,184,30.0
30,8,185,30.0
30,8,186,30.0
30,8,187,30.0
30,8,188,30.0
30,8,189,30.0
30,8,190,30.0
30,8,191,30.0
30,8,192,30.0
30,8,193,30.0
30,8,194,30.0
30,8,195,30.0
30,8,196,30.0
30,8,197,30.0
30,8,198,30.0
30,8,199,30.0
30,8,200,30.0
30,9,0,39.7436730735268
30,9,1,37.43873237319076
30,9,2,33.599310433298356
30,9,3,32.11726317615945
30,9,4,30.50989430862338
30,9,5,30.0
30,9,6,30.0
30,9,7,30.0
30,9,8,30.0
30,9,9,30.0
30,9,10,30.0
30,9,11,30.0
30,9,12,30.0
30,9,13,30.0
30,9,14,30.0
30,9,15,30.0
30,9,16,30.0
30,9,17,30.0
30,9,18,30.0
30,9,19,30.0
30,9,20,30.0
30,9,21,30.0
30,9,22,30.0
30,9,23,30.0
30,9,24,30.0
30,9,25,30.0
30,9,26,30.0
30,9,27,30.0
30,9,28,30.0
30,9,29,30.0
30,9,30,30.0
30,9,31,30.0
30,9,32,30.0
30,9,33,30.0
30,9,34,30.0
30,9,35,30.0
30,9,36,30.0
30,9,37,30.0
30,9,38,30.0
30,9,39,30.0
30,9,40,30.0
30,9,41,30.0
30,9,42,30.0
30,9,43,30.0
30,9,44,30.0
30,9,45,30.0
30,9,46,30.0
30,9,47,30.0
30,9,48,30.0
30,9,49,30.0
30,9,50,30.0
30,9,51,30.0
30,9,52,30.0
30,9,53,30.0
30,9,54,30.0
30,9,55,30.0
30,9,56,30.0
30,9,57,30.0
30,9,58,30.0
30,9,59,30.0
30,9,60,30.0
30,9,61,30.0
30,9,62,30.0
30,9,63,30.0
30,9,64,30.0
30,9,65,30.0
30,9,66,30.0
30,9,67,30.0
30,9,68,30.0
30,9,69,30.0
30,9,70,30.0
30,9,71,30.0
30,9,72,30.0
30,9,73,30.0
30,9,74,30.0
30,9,75,30.0
30,9,76,30.0
30,9,77,30.0
30,9,78,30.0
30,9,79,30.0
30,9,80,30.0
30,9,81,30.0
30,9,82,30.0
30,9,83,30.0
30,9,84,30.0
30,9,85,30.0
30,9,86,30.0
30,9,87,30.0
30,9,88,30.0
30,9,89,30.0
30,9,90,30.0
30,9,91,30.0
30,9,92,30.0
30,9,93,30.0
30,9,94,30.0
30,9,95,30.0
30,9,96,30.0
30,9,97,30.0
30,9,98,30.0
30,9,99,30.0
30,9,100,30.0
30,9,101,30.0
30,9,102,30.0
30,9,103,30.0
30,9,104,30.0
30,9,105,30.0
30,9,106,30.0
30,9,107,30.0
30,9,108,30.0
30,9,109,30.0
30,9,110,30.0
30,9,111,30.0
30,9,112,30.0
30,9,113,30.0
30,9,114,30.0
30,9,115,30.0
30,9,116,30.0
30,9,117,30.0
30,9,118,30.0
30,9,119,30.0
30,9,120,30.0
30,9,121,30.0
30,9,122,30.0
30,9,123,30.0
30,9,124,30.0
30,9,125,30.0
30,9,126,30.0
30,9,127,30.0
30,9,128,30.0
30,9,129,30.0
30,9,130,30.0
30,9,131,30.0
30,9,132,30.0
30,9,133,30.0
30,9,134,30.0
30,9,135,30.0
30,9,136,30.0
30,9,137,30.0
30,9,138,30.0
30,9,139,30.0
30,9,140,30.0
30,9,141,30.0
30,9,142,30.0
30,9,143,30.0
30,9,144,30.0
30,9,145,30.0
30,9,146,30.0
30,9,147,30.0
30,9,148,30.0
30,9,149,30.0
30,9,150,30.0
30,9,151,30.0
30,9,152,30.0
30,9,153,30.0
30,9,154,30.0
30,9,155,30.0
30,9,156,30.0
30,9,157,30.0
30,9,158,30.0
30,9,159,30.0
30,9,160,30.0
30,9,161,30.0
30,9,162,30.0
30,9,163,30.0
30,9,164,30.0
30,9,165,30.0
30,9,166,30.0
30,9,167,30.0
30,9,168,30.0
30,9,169,30.0
30,9,170,30.0
30,9,171,30.0
30,9,172,30.0
30,9,173,30.0
30,9,174,30.0
30,9,175,30.0
30,9,176,30.0
30,9,177,30.0
30,9,178,30.0
30,9,179,30.0
30,9,180,30.0
30,9,181,30.0
30,9,182,30.0
30,9,183,30.0
30,9,184,30.0
30,9,185,30.0
30,9,186,30.0
30,9,187,30.0
30,9,188,30.0
30,9,189,30.0
30,9,190,30.0
30,9,191,30.0
30,9,192,30.0
30,9,193,30.0
30,9,194,30.0
30,9,195,30.0
30,9,196,30.0
30,9,197,30.0
30,9,198,30.0
30,9,199,30.0
30,9,200,30.0
50,0,0,40.47964588170953
50,0,1,37.83392153277466
50,0,2,34.31992742374073
50,0,3,33.378070597502244
50,0,4,32.5552319293415
50,0,5,32.1539911675939
50,0,6,31.832051463258217
50,0,7,31.443236332314882
50,0,8,30.849569479338967
50,0,9,30.073299557678148
50,0,10,30.0
50,0,11,30.0
50,0,12,30.0
50,0,13,30.0
50,0,14,30.0
50,0,15,30.0
50,0,16,30.0
50,0,17,30.0
50,0,18,30.0
50,0,19,30.0
50,0,20,30.0
50,0,21,30.0
50,0,22,30.0
50,0,23,30.0
50,0,24,30.0
50,0,25,30.0
50,0,26,30.0
50,0,27,30.0
50,0,28,30.0
50,0,29,30.0
50,0,30,30.0
50,0,31,30.0
50,0,32,30.0
50,0,33,30.0
50,0,34,30.0
50,0,35,30.0
50,0,36,30.0
50,0,37,30.0
50,0,38,30.0
50,0,39,30.0
50,0,40,30.0
50,0,41,30.0
50,0,42,30.0
50,0,43,30.0
50,0,44,30.0
50,0,45,30.0
50,0,46,30.0
50,0,47,30.0
50,0,48,30.0
50,0,49,30.0
50,0,50,30.0
50,0,51,30.0
50,0,52,30.0
50,0,53,30.0
50,0,54,30.0
50,0,55,30.0
50,0,56,30.0
50,0,57,30.0
50,0,58,30.0
50,0,59,30.0
50,0,60,30.0
50,0,61,30.0
50,0,62,30.0
50,0,63,30.0
50,0,64,30.0
50,0,65,30.0
50,0,66,30.0
50,0,67,30.0
50,0,68,30.0
50,0,69,30.0
50,0,70,30.0
50,0,71,30.0
50,0,72,30.0
50,0,73,30.0
50,0,74,30.0
50,0,75,30.0
50,0,76,30.0
50,0,77,30.0
50,0,78,30.0
50,0,79,30.0
50,0,80,30.0
50,0,81,30.0
50,0,82,30.0
50,0,83,30.0
50,0,84,30.0
50,0,85,30.0
50,0,86,30.0
50,0,87,30.0
50,0,88,30.0
50,0,89,30.0
50,0,90,30.0
50,0,91,30.0
50,0,92,30.0
50,0,93,30.0
50,0,94,30.0
50,0,95,30.0
50,0,96,30.0
50,0,97,30.0
50,0,98,30.0
50,0,99,30.0
50,0,100,30.0
50,0,101,30.0
50,0,102,30.0
50,0,103,30.0
50,0,104,30.0
50,0,105,30.0
50,0,106,30.0
50,0,107,30.0
50,0,108,30.0
50,0,109,30.0
50,0,110,30.0
50,0,111,30.0
50,0,112,30.0
50,0,113,30.0
50,0,114,30.0
50,0,115,30.0
50,0,116,30.0
50,0,117,30.0
50,0,118,30.0
50,0,119,30.0
50,0,120,30.0
50,0,121,30.0
50,0,122,30.0
50,0,123,30.0
50,0,124,30.0
50,0,125,30.0
50,0,126,30.0
50,0,127,30.0
50,0,128,30.0
50,0,129,30.0
50,0,130,30.0
50,0,131,30.0
50,0,132,30.0
50,0,133,30.0
50,0,134,30.0
50,0,135,30.0
50,0,136,30.0
50,0,137,30.0
50,0,138,30.0
50,0,139,30.0
50,0,140,30.0
50,0,141,30.0
50,0,142,30.0
50,0,143,30.0
50,0,144,30.0
50,0,145,30.0
50,0,146,30.0
50,0,147,30.0
50,0,148,30.0
50,0,149,30.0
50,0,150,30.0
50,0,151,30.0
50,0,152,30.0
50,0,153,30.0
50,0,154,30.0
50,0,155,30.0
50,0,156,30.0
50,0,157,30.0
50,0,158,30.0
50,0,159,30.0
50,0,160,30.0
50,0,161,30.0
50,0,162,30.0
50,0,163,30.0
50,0,164,30.0
50,0,165,30.0
50,0,166,30.0
50,0,167,30.0
50,0,168,30.0
50,0,169,30.0
50,0,170,30.0
50,0,171,30.0
50,0,172,30.0
50,0,173,30.0
50,0,174,30.0
50,0,175,30.0
50,0,176,30.0
50,0,177,30.0
50,0,178,30.0
50,0,179,30.0
50,0,180,30.0
50,0,181,30.0
50,0,182,30.0
50,0,183,30.0
50,0,184,30.0
50,0,185,30.0
50,0,186,30.0
50,0,187,30.0
50,0,188,30.0
50,0,189,30.0
50,0,190,30.0
50,0,191,30.0
50,0,192,30.0
50,0,193,30.0
50,0,194,30.0
50,0,195,30.0
50,0,196,30.0
50,0,197,30.0
50,0,198,30.0
50,0,199,30.0
50,0,200,30.0
50,1,0,39.22391681217713
50,1,1,36.06078511840935
50,1,2,33.90592657278895
50,1,3,32.59674088194659
50,1,4,31.58427926602072
50,1,5,30.548836859520875
50,1,6,30.0
50,1,7,30.0
50,1,8,30.0
50,1,9,30.0
50,1,10,30.0
50,1,11,30.0
50,1,12,30.0
50,1,13,30.0
50,1,14,30.0
50,1,15,30.0
50,1,16,30.0
50,1,17,30.0
50,1,18,30.0
50,1,19,30.0
50,1,20,30.0
50,1,21,30.0
50,1,22,30.0
50,1,23,30.0
50,1,24,30.0
50,1,25,30.0
50,1,26,30.0
50,1,27,30.0
50,1,28,30.0
50,1,29,30.0
50,1,30,30.0
50,1,31,30.0
50,1,32,30.0
50,1,33,30.0
50,1,34,30.0
50,1,35,30.0
50,1,36,30.0
50,1,37,30.0
50,1,38,30.0
50,1,39,30.0
50,1,40,30.0
50,1,41,30.0
50,1,42,30.0
50,1,43,30.0
50,1,44,30.0
50,1,45,30.0
50,1,46,30.0
50,1,47,30.0
50,1,48,30.0
50,1,49,30.0
50,1,50,30.0
50,1,51,30.0
50,1,52,30.0
50,1,53,30.0
50,1,54,30.0
50,1,55,30.0
50,1,56,30.0
50,1,57,30.0
50,1,58,30.0
50,1,59,30.0
50,1,60,30.0
50,1,61,30.0
50,1,62,30.0
50,1,63,30.0
50,1,64,30.0
50,1,65,30.0
50,1,66,30.0
50,1,67,30.0
50,1,68,30.0
50,1,69,30.0
50,1,70,30.0
50,1,71,30.0
50,1,72,30.0
50,1,73,30.0
50,1,74,30.0
50,1,75,30.0
50,1,76,30.0
50,1,77,30.0
50,1,78,30.0
50,1,79,30.0
50,1,80,30.0
50,1,81,30.0
50,1,82,30.0
50,1,83,30.0
50,1,84,30.0
50,1,85,30.0
50,1,86,30.0
50,1,87,30.0
50,1,88,30.0
50,1,89,30.0
50,1,90,30.0
50,1,91,30.0
50,1,92,30.0
50,1,93,30.0
50,1,94,30.0
50,1,95,30.0
50,1,96,30.0
50,1,97,30.0
50,1,98,30.0
50,1,99,30.0
50,1,100,30.0
50,1,101,30.0
50,1,102,30.0
50,1,103,30.0
50,1,104,30.0
50,1,105,30.0
50,1,106,30.0
50,1,107,30.0
50,1,108,30.0
50,1,109,30.0
50,1,110,30.0
50,1,111,30.0
50,1,112,30.0
50,1,113,30.0
50,1,114,30.0
50,1,115,30.0
50,1,116,30.0
50,1,117,30.0
50,1,118,30.0
50,1,119,30.0
50,1,120,30.0
50,1,121,30.0
50,1,122,30.0
50,1,123,30.0
50,1,124,30.0
50,1,125,30.0
50,1,126,30.0
50,1,127,30.0
50,1,128,30.0
50,1,129,30.0
50,1,130,30.0
50,1,131,30.0
50,1,132,30.0
50,1,133,30.0
50,1,134,30.0
50,1,135,30.0
50,1,136,30.0
50,1,137,30.0
50,1,138,30.0
50,1,139,30.0
50,1,140,30.0
50,1,141,30.0
50,1,142,30.0
50,1,143,30.0
50,1,144,30.0
50,1,145,30.0
50,1,146,30.0
50,1,147,30.0
50,1,148,30.0
50,1,149,30.0
50,1,150,30.0
50,1,151,30.0
50,1,152,30.0
50,1,153,30.0
50,1,154,30.0
50,1,155,30.0
50,1,156,30.0
50,1,157,30.0
50,1,158,30.0
50,1,159,30.0
50,1,160,30.0
50,1,161,30.0
50,1,162,30.0
50,1,163,30.0
50,1,164,30.0
50,1,165,30.0
50,1,166,30.0
50,1,167,30.0
50,1,168,30.0
50,1,169,30.0
50,1,170,30.0
50,1,171,30.0
50,1,172,30.0
50,1,173,30.0
50,1,174,30.0
50,1,175,30.0
50,1,176,30.0
50,1,177,30.0
50,1,178,30.0
50,1,179,30.0
50,1,180,30.0
50,1,181,30.0
50,1,182,30.0
50,1,183,30.0
50,1,184,30.0
50,1,185,30.0
50,1,186,30.0
50,1,187,30.0
50,1,188,30.0
50,1,189,30.0
50,1,190,30.0
50,1,191,30.0
50,1,192,30.0
50,1,193,30.0
50,1,194,30.0
50,1,195,30.0
50,1,196,30.0
50,1,197,30.0
50,1,198,30.0
50,1,199,30.0
50,1,200,30.0
50,2,0,34.66313647508133
50,2,1,33.338718845920766
50,2,2,30.676478835736567
50,2,3,30.197159308042554
50,2,4,30.0
50,2,5,30.0
50,2,6,30.0
50,2,7,30.0
50,2,8,30.0
50,2,9,30.0
50,2,10,30.0
50,2,11,30.0
50,2,12,30.0
50,2,13,30.0
50,2,14,30.0
50,2,15,30.0
50,2,16,30.0
50,2,17,30.0
50,2,18,30.0
50,2,19,30.0
50,2,20,30.0
50,2,21,30.0
50,2,22,30.0
50,2,23,30.0
50,2,24,30.0
50,2,25,30.0
50,2,26,30.0
50,2,27,30.0
50,2,28,30.0
50,2,29,30.0
50,2,30,30.0
50,2,31,30.0
50,2,32,30.0
50,2,33,30.0
50,2,34,30.0
50,2,35,30.0
50,2,36,30.0
50,2,37,30.0
50,2,38,30.0
50,2,39,30.0
50,2,40,30.0
50,2,41,30.0
50,2,42,30.0
50,2,43,30.0
50,2,44,30.0
50,2,45,30.0
50,2,46,30.0
50,2,47,30.0
50,2,48,30.0
50,2,49,30.0
50,2,50,30.0
50,2,51,30.0
50,2,52,30.0
50,2,53,30.0
50,2,54,30.0
50,2,55,30.0
50,2,56,30.0
50,2,57,30.0
50,2,58,30.0
50,2,59,30.0
50,2,60,30.0
50,2,61,30.0
50,2,62,30.0
50,2,63,30.0
50,2,64,30.0
50,2,65,30.0
50,2,66,30.0
50,2,67,30.0
50,2,68,30.0
50,2,69,30.0
50,2,70,30.0
50,2,71,30.0
50,2,72,30.0
50,2,73,30.0
50,2,74,30.0
50,2,75,30.0
50,2,76,30.0
50,2,77,30.0
50,2,78,30.0
50,2,79,30.0
50,2,80,30.0
50,2,81,30.0
50,2,82,30.0
50,2,83,30.0
50,2,84,30.0
50,2,85,30.0
50,2,86,30.0
50,2,87,30.0
50,2,88,30.0
50,2,89,30.0
50,2,90,30.0
50,2,91,30.0
50,2,92,30.0
50,2,93,30.0
50,2,94,30.0
50,2,95,30.0
50,2,96,30.0
50,2,97,30.0
50,2,98,30.0
50,2,99,30.0
50,2,100,30.0
50,2,101,30.0
50,2,102,30.0
50,2,103,30.0
50,2,104,30.0
50,2,105,30.0
50,2,106,30.0
50,2,107,30.0
50,2,108,30.0
50,2,109,30.0
50,2,110,30.0
50,2,111,30.0
50,2,112,30.0
50,2,113,30.0
50,2,114,30.0
50,2,115,30.0
50,2,116,30.0
50,2,117,30.0
50,2,118,30.0
50,2,119,30.0
50,2,120,30.0
50,2,121,30.0
50,2,122,30.0
50,2,123,30.0
50,2,124,30.0
50,2,125,30.0
50,2,126,30.0
50,2,127,30.0
50,2,128,30.0
50,2,129,30.0
50,2,130,30.0
50,2,131,30.0
50,2,132,30.0
50,2,133,30.0
50,2,134,30.0
50,2,135,30.0
50,2,136,30.0
50,2,137,30.0
50,2,138,30.0
50,2,139,30.0
50,2,140,30.0
50,2,141,30.0
50,2,142,30.0
50,2,143,30.0
50,2,144,30.0
50,2,145,30.0
50,2,146,30.0
50,2,147,30.0
50,2,148,30.0
50,2,149,30.0
50,2,150,30.0
50,2,151,30.0
50,2,152,30.0
50,2,153,30.0
50,2,154,30.0
50,2,155,30.0
50,2,156,30.0
50,2,157,30.0
50,2,158,30.0
50,2,159,30.0
50,2,160,30.0
50,2,161,30.0
50,2,162,30.0
50,2,163,30.0
50,2,164,30.0
50,2,165,30.0
50,2,166,30.0
50,2,167,30.0
50,2,168,30.0
50,2,169,30.0
50,2,170,30.0
50,2,171,30.0
50,2,172,30.0
50,2,173,30.0
50,2,174,30.0
50,2,175,30.0
50,2,176,30.0
50,2,177,30.0
50,2,178,30.0
50,2,179,30.0
50,2,180,30.0
50,2,181,30.0
50,2,182,30.0
50,2,183,30.0
50,2,184,30.0
50,2,185,30.0
50,2,186,30.0
50,2,187,30.0
50,2,188,30.0
50,2,189,30.0
50,2,190,30.0
50,2,191,30.0
50,2,192,30.0
50,2,193,30.0
50,2,194,30.0
50,2,195,30.0
50,2,196,30.0
50,2,197,30.0
50,2,198,30.0
50,2,199,30.0
50,2,200,30.0
50,3,0,40.25998429325651
50,3,1,37.436537395000784
50,3,2,36.048953911910544
50,3,3,35.20050347544152
50,3,4,33.324504944017725
50,3,5,32.88433078122864
50,3,6,32.01934282567313
50,3,7,30.70061356540071
50,3,8,30.0
50,3,9,30.0
50,3,10,30.0
50,3,11,30.0
50,3,12,30.0
50,3,13,30.0
50,3,14,30.0
50,3,15,30.0
50,3,16,30.0
50,3,17,30.0
50,3,18,30.0
50,3,19,30.0
50,3,20,30.0
50,3,21,30.0
50,3,22,30.0
50,3,23,30.0
50,3,24,30.0
50,3,25,30.0
50,3,26,30.0
50,3,27,30.0
50,3,28,30.0
50,3,29,30.0
50,3,30,30.0
50,3,31,30.0
50,3,32,30.0
50,3,33,30.0
50,3,34,30.0
50,3,35,30.0
50,3,36,30.0
50,3,37,30.0
50,3,38,30.0
50,3,39,30.0
50,3,40,30.0
50,3,41,30.0
50,3,42,30.0
50,3,43,30.0
50,3,44,30.0
50,3,45,30.0
50,3,46,30.0
50,3,47,30.0
50,3,48,30.0
50,3,49,30.0
50,3,50,30.0
50,3,51,30.0
50,3,52,30.0
50,3,53,30.0
50,3,54,30.0
50,3,55,30.0
50,3,56,30.0
50,3,57,30.0
50,3,58,30.0
50,3,59,30.0
50,3,60,30.0
50,3,61,30.0
50,3,62,30.0
50,3,63,30.0
50,3,64,30.0
50,3,65,30.0
50,3,66,30.0
50,3,67,30.0
50,3,68,30.0
50,3,69,30.0
50,3,70,30.0
50,3,71,30.0
50,3,72,30.0
50,3,73,30.0
50,3,74,30.0
50,3,75,30.0
50,3,76,30.0
50,3,77,30.0
50,3,78,30.0
50,3,79,30.0
50,3,80,30.0
50,3,81,30.0
50,3,82,30.0
50,3,83,30.0
50,3,84,30.0
50,3,85,30.0
50,3,86,30.0
50,3,87,30.0
50,3,88,30.0
50,3,89,30.0
50,3,90,30.0
50,3,91,30.0
50,3,92,30.0
50,3,93,30.0
50,3,94,30.0
50,3,95,30.0
50,3,96,30.0
50,3,97,30.0
50,3,98,30.0
50,3,99,30.0
50,3,100,30.0
50,3,101,30.0
50,3,102,30.0
50,3,103,30.0
50,3,104,30.0
50,3,105,30.0
50,3,106,30.0
50,3,107,30.0
50,3,108,30.0
50,3,109,30.0
50,3,110,30.0
50,3,111,30.0
50,3,112,30.0
50,3,113,30.0
50,3,114,30.0
50,3,115,30.0
50,3,116,30.0
50,3,117,30.0
50,3,118,30.0
50,3,119,30.0
50,3,120,30.0
50,3,121,30.0
50,3,122,30.0
50,3,123,30.0
50,3,124,30.0
50,3,125,30.0
50,3,126,30.0
50,3,127,30.0
50,3,128,30.0
50,3,129,30.0
50,3,130,30.0
50,3,131,30.0
50,3,132,30.0
50,3,133,30.0
50,3,134,30.0
50,3,135,30.0
50,3,136,30.0
50,3,137,30.0
50,3,138,30.0
50,3,139,30.0
50,3,140,30.0
50,3,141,30.0
50,3,142,30.0
50,3,143,30.0
50,3,144,30.0
50,3,145,30.0
50,3,146,30.0
50,3,147,30.0
50,3,148,30.0
50,3,149,30.0
50,3,150,30.0
50,3,151,30.0
50,3,152,30.0
50,3,153,30.0
50,3,154,30.0
50,3,155,30.0
50,3,156,30.0
50,3,157,30.0
50,3,158,30.0
50,3,159,30.0
50,3,160,30.0
50,3,161,30.0
50,3,162,30.0
50,3,163,30.0
50,3,164,30.0
50,3,165,30.0
50,3,166,30.0
50,3,167,30.0
50,3,168,30.0
50,3,169,30.0
50,3,170,30.0
50,3,171,30.0
50,3,172,30.0
50,3,173,30.0
50,3,174,30.0
50,3,175,30.0
50,3,176,30.0
50,3,177,30.0
50,3,178,30.0
50,3,179,30.0
50,3,180,30.0
50,3,181,30.0
50,3,182,30.0
50,3,183,30.0
50,3,184,30.0
50,3,185,30.0
50,3,186,30.0
50,3,187,30.0
50,3,188,30.0
50,3,189,30.0
50,3,190,30.0
50,3,191,30.0
50,3,192,30.0
50,3,193,30.0
50,3,194,30.0
50,3,195,30.0
50,3,196,30.0
50,3,197,30.0
50,3,198,30.0
50,3,199,30.0
50,3,200,30.0
50,4,0,41.75017074158835
50,4,1,38.70817015182733
50,4,2,36.47445272780679
50,4,3,33.9317935360972
50,4,4,32.073866733008366
50,4,5,30.67466391114712
50,4,6,30.0
50,4,7,30.0
50,4,8,30.0
50,4,9,30.0
50,4,10,30.0
50,4,11,30.0
50,4,12,30.0
50,4,13,30.0
50,4,14,30.0
50,4,15,30.0
50,4,16,30.0
50,4,17,30.0
50,4,18,30.0
50,4,19,30.0
50,4,20,30.0
50,4,21,30.0
50,4,22,30.0
50,4,23,30.0
50,4,24,30.0
50,4,25,30.0
50,4,26,30.0
50,4,27,30.0
50,4,28,30.0
50,4,29,30.0
50,4,30,30.0
50,4,31,30.0
50,4,32,30.0
50,4,33,30.0
50,4,34,30.0
50,4,35,30.0
50,4,36,30.0
50,4,37,30.0
50,4,38,30.0
50,4,39,30.0
50,4,40,30.0
50,4,41,30.0
50,4,42,30.0
50,4,43,30.0
50,4,44,30.0
50,4,45,30.0
50,4,46,30.0
50,4,47,30.0
50,4,48,30.0
50,4,49,30.0
50,4,50,30.0
50,4,51,30.0
50,4,52,30.0
50,4,53,30.0
50,4,54,30.0
50,4,55,30.0
50,4,56,30.0
50,4,57,30.0
50,4,58,30.0
50,4,59,30.0
50,4,60,30.0
50,4,61,30.0
50,4,62,30.0
50,4,63,30.0
50,4,64,30.0
50,4,65,30.0
50,4,66,30.0
50,4,67,30.0
50,4,68,30.0
50,4,69,30.0
50,4,70,30.0
50,4,71,30.0
50,4,72,30.0
50,4,73,30.0
50,4,74,30.0
50,4,75,30.0
50,4,76,30.0
50,4,77,30.0
50,4,78,30.0
50,4,79,30.0
50,4,80,30.0
50,4,81,30.0
50,4,82,30.0
50,4,83,30.0
50,4,84,30.0
50,4,85,30.0
50,4,86,30.0
50,4,87,30.0
50,4,88,30.0
50,4,89,30.0
50,4,90,30.0
50,4,91,30.0
50,4,92,30.0
50,4,93,30.0
50,4,94,30.0
50,4,95,30.0
50,4,96,30.0
50,4,97,30.0
50,4,98,30.0
50,4,99,30.0
50,4,100,30.0
50,4,101,30.0
50,4,102,30.0
50,4,103,30.0
50,4,104,30.0
50,4,105,30.0
50,4,106,30.0
50,4,107,30.0
50,4,108,30.0
50,4,109,30.0
50,4,110,30.0
50,4,111,30.0
50,4,112,30.0
50,4,113,30.0
50,4,114,30.0
50,4,115,30.0
50,4,116,30.0
50,4,117,30.0
50,4,118,30.0
50,4,119,30.0
50,4,120,30.0
50,4,121,30.0
50,4,122,30.0
50,4,123,30.0
50,4,124,30.0
50,4,125,30.0
50,4,126,30.0
50,4,127,30.0
50,4,128,30.0
50,4,129,30.0
50,4,130,30.0
50,4,131,30.0
50,4,132,30.0
50,4,133,30.0
50,4,134,30.0
50,4,135,30.0
50,4,136,30.0
50,4,137,30.0
50,4,138,30.0
50,4,139,30.0
50,4,140,30.0
50,4,141,30.0
50,4,142,30.0
50,4,143,30.0
50,4,144,30.0
50,4,145,30.0
50,4,146,30.0
50,4,147,30.0
50,4,148,30.0
50,4,149,30.0
50,4,150,30.0
50,4,151,30.0
50,4,152,30.0
50,4,153,30.0
50,4,154,30.0
50,4,155,30.0
50,4,156,30.0
50,4,157,30.0
50,4,158,30.0
50,4,159,30.0
50,4,160,30.0
50,4,161,30.0
50,4,162,30.0
50,4,163,30.0
50,4,164,30.0
50,4,165,30.0
50,4,166,30.0
50,4,167,30.0
50,4,168,30.0
50,4,169,30.0
50,4,170,30.0
50,4,171,30.0
50,4,172,30.0
50,4,173,30.0
50,4,174,30.0
50,4,175,30.0
50,4,176,30.0
50,4,177,30.0
50,4,178,30.0
50,4,179,30.0
50,4,180,30.0
50,4,181,30.0
50,4,182,30.0
50,4,183,30.0
50,4,184,30.0
50,4,185,30.0
50,4,186,30.0
50,4,187,30.0
50,4,188,30.0
50,4,189,30.0
50,4,190,30.0
50,4,191,30.0
50,4,192,30.0
50,4,193,30.0
50,4,194,30.0
50,4,195,30.0
50,4,196,30.0
50,4,197,30.0
50,4,198,30.0
50,4,199,30.0
50,4,200,30.0
50,5,0,39.583571467419084
50,5,1,36.736141382381035
50,5,2,31.396625438843
50,5,3,30.330480680705147
50,5,4,30.0
50,5,5,30.0
50,5,6,30.0
50,5,7,30.0
50,5,8,30.0
50,5,9,30.0
50,5,10,30.0
50,5,11,30.0
50,5,12,30.0
50,5,13,30.0
50,5,14,30.0
50,5,15,30.0
50,5,16,30.0
50,5,17,30.0
50,5,18,30.0
50,5,19,30.0
50,5,20,30.0
50,5,21,30.0
50,5,22,30.0
50,5,23,30.0
50,5,24,30.0
50,5,25,30.0
50,5,26,30.0
50,5,27,30.0
50,5,28,30.0
50,5,29,30.0
50,5,30,30.0
50,5,31,30.0
50,5,32,30.0
50,5,33,30.0
50,5,34,30.0
50,5,35,30.0
50,5,36,30.0
50,5,37,30.0
50,5,38,30.0
50,5,39,30.0
50,5,40,30.0
50,5,41,30.0
50,5,42,30.0
50,5,43,30.0
50,5,44,30.0
50,5,45,30.0
50,5,46,30.0
50,5,47,30.0
50,5,48,30.0
50,5,49,30.0
50,5,50,30.0
50,5,51,30.0
50,5,52,30.0
50,5,53,30.0
50,5,54,30.0
50,5,55,30.0
50,5,56,30.0
50,5,57,30.0
50,5,58,30.0
50,5,59,30.0
50,5,60,30.0
50,5,61,30.0
50,5,62,30.0
50,5,63,30.0
50,5,64,30.0
50,5,65,30.0
50,5,66,30.0
50,5,67,30.0
50,5,68,30.0
50,5,69,30.0
50,5,70,30.0
50,5,71,30.0
50,5,72,30.0
50,5,73,30.0
50,5,74,30.0
50,5,75,30.0
50,5,76,30.0
50,5,77,30.0
50,5,78,30.0
50,5,79,30.0
50,5,80,30.0
50,5,81,30.0
50,5,82,30.0
50,5,83,30.0
50,5,84,30.0
50,5,85,30.0
50,5,86,30.0
50,5,87,30.0
50,5,88,30.0
50,5,89,30.0
50,5,90,30.0
50,5,91,30.0
50,5,92,30.0
50,5,93,30.0
50,5,94,30.0
50,5,95,30.0
50,5,96,30.0
50,5,97,30.0
50,5,98,30.0
50,5,99,30.0
50,5,100,30.0
50,5,101,30.0
50,5,102,30.0
50,5,103,30.0
50,5,104,30.0
50,5,105,30.0
50,5,106,30.0
50,5,107,30.0
50,5,108,30.0
50,5,109,30.0
50,5,110,30.0
50,5,111,30.0
50,5,112,30.0
50,5,113,30.0
50,5,114,30.0
50,5,115,30.0
50,5,116,30.0
50,5,117,30.0
50,5,118,30.0
50,5,119,30.0
50,5,120,30.0
50,5,121,30.0
50,5,122,30.0
50,5,123,30.0
50,5,124,30.0
50,5,125,30.0
50,5,126,30.0
50,5,127,30.0
50,5,128,30.0
50,5,129,30.0
50,5,130,30.0
50,5,131,30.0
50,5,132,30.0
50,5,133,30.0
50,5,134,30.0
50,5,135,30.0
50,5,136,30.0
50,5,137,30.0
50,5,138,30.0
50,5,139,30.0
50,5,140,30.0
50,5,141,30.0
50,5,142,30.0
50,5,143,30.0
50,5,144,30.0
50,5,145,30.0
50,5,146,30.0
50,5,147,30.0
50,5,148,30.0
50,5,149,30.0
50,5,150,30.0
50,5,151,30.0
50,5,152,30.0
50,5,153,30.0
50,5,154,30.0
50,5,155,30.0
50,5,156,30.0
50,5,157,30.0
50,5,158,30.0
50,5,159,30.0
50,5,160,30.0
50,5,161,30.0
50,5,162,30.0
50,5,163,30.0
50,5,164,30.0
50,5,165,30.0
50,5,166,30.0
50,5,167,30.0
50,5,168,30.0
50,5,169,30.0
50,5,170,30.0
50,5,171,30.0
50,5,172,30.0
50,5,173,30.0
50,5,174,30.0
50,5,175,30.0
50,5,176,30.0
50,5,177,30.0
50,5,178,30.0
50,5,179,30.0
50,5,180,30.0
50,5,181,30.0
50,5,182,30.0
50,5,183,30.0
50,5,184,30.0
50,5,185,30.0
50,5,186,30.0
50,5,187,30.0
50,5,188,30.0
50,5,189,30.0
50,5,190,30.0
50,5,191,30.0
50,5,192,30.0
50,5,193,30.0
50,5,194,30.0
50,5,195,30.0
50,5,196,30.0
50,5,197,30.0
50,5,198,30.0
50,5,199,30.0
50,5,200,30.0
50,6,0,40.75162163670457
50,6,1,37.168257527298664
50,6,2,34.13716347300872
50,6,3,32.879897025772856
50,6,4,31.443273216303993
50,6,5,30.95925683549303
50,6,6,30.63555989477741
50,6,7,30.05700749705067
50,6,8,30.0
50,6,9,30.0
50,6,10,30.0
50,6,11,30.0
50,6,12,30.0
50,6,13,30.0
50,6,14,30.0
50,6,15,30.0
50,6,16,30.0
50,6,17,30.0
50,6,18,30.0
50,6,19,30.0
50,6,20,30.0
50,6,21,30.0
50,6,22,30.0
50,6,23,30.0
50,6,24,30.0
50,6,25,30.0
50,6,26,30.0
50,6,27,30.0
50,6,28,30.0
50,6,29,30.0
50,6,30,30.0
50,6,31,30.0
50,6,32,30.0
50,6,33,30.0
50,6,34,30.0
50,6,35,30.0
50,6,36,30.0
50,6,37,30.0
50,6,38,30.0
50,6,39,30.0
50,6,40,30.0
50,6,41,30.0
50,6,42,30.0
50,6,43,30.0
50,6,44,30.0
50,6,45,30.0
50,6,46,30.0
50,6,47,30.0
50,6,48,30.0
50,6,49,30.0
50,6,50,30.0
50,6,51,30.0
50,6,52,30.0
50,6,53,30.0
50,6,54,30.0
50,6,55,30.0
50,6,56,30.0
50,6,57,30.0
50,6,58,30.0
50,6,59,30.0
50,6,60,30.0
50,6,61,30.0
50,6,62,30.0
50,6,63,30.0
50,6,64,30.0
50,6,65,30.0
50,6,66,30.0
50,6,67,30.0
50,6,68,30.0
50,6,69,30.0
50,6,70,30.0
50,6,71,30.0
50,6,72,30.0
50,6,73,30.0
50,6,74,30.0
50,6,75,30.0
50,6,76,30.0
50,6,77,30.0
50,6,78,30.0
50,6,79,30.0
50,6,80,30.0
50,6,81,30.0
50,6,82,30.0
50,6,83,30.0
50,6,84,30.0
50,6,85,30.0
50,6,86,30.0
50,6,87,30.0
50,6,88,30.0
50,6,89,30.0
50,6,90,30.0
50,6,91,30.0
50,6,92,30.0
50,6,93,30.0
50,6,94,30.0
50,6,95,30.0
50,6,96,30.0
50,6,97,30.0
50,6,98,30.0
50,6,99,30.0
50,6,100,30.0
50,6,101,30.0
50,6,102,30.0
50,6,103,30.0
50,6,104,30.0
50,6,105,30.0
50,6,106,30.0
50,6,107,30.0
50,6,108,30.0
50,6,109,30.0
50,6,110,30.0
50,6,111,30.0
50,6,112,30.0
50,6,113,30.0
50,6,114,30.0
50,6,115,30.0
50,6,116,30.0
50,6,117,30.0
50,6,118,30.0
50,6,119,30.0
50,6,120,30.0
50,6,121,30.0
50,6,122,30.0
50,6,123,30.0
50,6,124,30.0
50,6,125,30.0
50,6,126,30.0
50,6,127,30.0
50,6,128,30.0
50,6,129,30.0
50,6,130,30.0
50,6,131,30.0
50,6,132,30.0
50,6,133,30.0
50,6,134,30.0
50,6,135,30.0
50,6,136,30.0
50,6,137,30.0
50,6,138,30.0
50,6,139,30.0
50,6,140,30.0
50,6,141,30.0
50,6,142,30.0
50,6,143,30.0
50,6,144,30.0
50,6,145,30.0
50,6,146,30.0
50,6,147,30.0
50,6,148,30.0
50,6,149,30.0
50,6,150,30.0
50,6,151,30.0
50,6,152,30.0
50,6,153,30.0
50,6,154,30.0
50,6,155,30.0
50,6,156,30.0
50,6,157,30.0
50,6,158,30.0
50,6,159,30.0
50,6,160,30.0
50,6,161,30.0
50,6,162,30.0
50,6,163,30.0
50,6,164,30.0
50,6,165,30.0
50,6,166,30.0
50,6,167,30.0
50,6,168,30.0
50,6,169,30.0
50,6,170,30.0
50,6,171,30.0
50,6,172,30.0
50,6,173,30.0
50,6,174,30.0
50,6,175,30.0
50,6,176,30.0
50,6,177,30.0
50,6,178,30.0
50,6,179,30.0
50,6,180,30.0
50,6,181,30.0
50,6,182,30.0
50,6,183,30.0
50,6,184,30.0
50,6,185,30.0
50,6,186,30.0
50,6,187,30.0
50,6,188,30.0
50,6,189,30.0
50,6,190,30.0
50,6,191,30.0
50,6,192,30.0
50,6,193,30.0
50,6,194,30.0
50,6,195,30.0
50,6,196,30.0
50,6,197,30.0
50,6,198,30.0
50,6,199,30.0
50,6,200,30.0
50,7,0,39.024391094189866
50,7,1,34.54625151077559
50,7,2,32.2081087621183
50,7,3,31.177879542706407
50,7,4,30.219895515208837
50,7,5,30.0
50,7,6,30.0
50,7,7,30.0
50,7,8,30.0
50,7,9,30.0
50,7,10,30.0
50,7,11,30.0
50,7,12,30.0
50,7,13,30.0
50,7,14,30.0
50,7,15,30.0
50,7,16,30.0
50,7,17,30.0
50,7,18,30.0
50,7,19,30.0
50,7,20,30.0
50,7,21,30.0
50,7,22,30.0
50,7,23,30.0
50,7,24,30.0
50,7,25,30.0
50,7,26,30.0
50,7,27,30.0
50,7,28,30.0
50,7,29,30.0
50,7,30,30.0
50,7,31,30.0
50,7,32,30.0
50,7,33,30.0
50,7,34,30.0
50,7,35,30.0
50,7,36,30.0
50,7,37,30.0
50,7,38,30.0
50,7,39,30.0
50,7,40,30.0
50,7,41,30.0
50,7,42,30.0
50,7,43,30.0
50,7,44,30.0
50,7,45,30.0
50,7,46,30.0
50,7,47,30.0
50,7,48,30.0
50,7,49,30.0
50,7,50,30.0
50,7,51,30.0
50,7,52,30.0
50,7,53,30.0
50,7,54,30.0
50,7,55,30.0
50,7,56,30.0
50,7,57,30.0
50,7,58,30.0
50,7,59,30.0
50,7,60,30.0
50,7,61,30.0
50,7,62,30.0
50,7,63,30.0
50,7,64,30.0
50,7,65,30.0
50,7,66,30.0
50,7,67,30.0
50,7,68,30.0
50,7,69,30.0
50,7,70,30.0
50,7,71,30.0
50,7,72,30.0
50,7,73,30.0
50,7,74,30.0
50,7,75,30.0
50,7,76,30.0
50,7,77,30.0
50,7,78,30.0
50,7,79,30.0
50,7,80,30.0
50,7,81,30.0
50,7,82,30.0
50,7,83,30.0
50,7,84,30.0
50,7,85,30.0
50,7,86,30.0
50,7,87,30.0
50,7,88,30.0
50,7,89,30.0
50,7,90,30.0
50,7,91,30.0
50,7,92,30.0
50,7,93,30.0
50,7,94,30.0
50,7,95,30.0
50,7,96,30.0
50,7,97,30.0
50,7,98,30.0
50,7,99,30.0
50,7,100,30.0
50,7,101,30.0
50,7,102,30.0
50,7,103,30.0
50,7,104,30.0
50,7,105,30.0
50,7,106,30.0
50,7,107,30.0
50,7,108,30.0
50,7,109,30.0
50,7,110,30.0
50,7,111,30.0
50,7,112,30.0
50,7,113,30.0
50,7,114,30.0
50,7,115,30.0
50,7,116,30.0
50,7,117,30.0
50,7,118,30.0
50,7,119,30.0
50,7,120,30.0
50,7,121,30.0
50,7,122,30.0
50,7,123,30.0
50,7,124,30.0
50,7,125,30.0
50,7,126,30.0
50,7,127,30.0
50,7,128,30.0
50,7,129,30.0
50,7,130,30.0
50,7,131,30.0
50,7,132,30.0
50,7,133,30.0
50,7,134,30.0
50,7,135,30.0
50,7,136,30.0
50,7,137,30.0
50,7,138,30.0
50,7,139,30.0
50,7,140,30.0
50,7,141,30.0
50,7,142,30.0
50,7,143,30.0
50,7,144,30.0
50,7,145,30.0
50,7,146,30.0
50,7,147,30.0
50,7,148,30.0
50,7,149,30.0
50,7,150,30.0
50,7,151,30.0
50,7,152,30.0
50,7,153,30.0
50,7,154,30.0
50,7,155,30.0
50,7,156,30.0
50,7,157,30.0
50,7,158,30.0
50,7,159,30.0
50,7,160,30.0
50,7,161,30.0
50,7,162,30.0
50,7,163,30.0
50,7,164,30.0
50,7,165,30.0
50,7,166,30.0
50,7,167,30.0
50,7,168,30.0
50,7,169,30.0
50,7,170,30.0
50,7,171,30.0
50,7,172,30.0
50,7,173,30.0
50,7,174,30.0
50,7,175,30.0
50,7,176,30.0
50,7,177,30.0
50,7,178,30.0
50,7,179,30.0
50,7,180,30.0
50,7,181,30.0
50,7,182,30.0
50,7,183,30.0
50,7,184,30.0
50,7,185,30.0
50,7,186,30.0
50,7,187,30.0
50,7,188,30.0
50,7,189,30.0
50,7,190,30.0
50,7,191,30.0
50,7,192,30.0
50,7,193,30.0
50,7,194,30.0
50,7,195,30.0
50,7,196,30.0
50,7,197,30.0
50,7,198,30.0
50,7,199,30.0
50,7,200,30.0
50,8,0,40.37147465855506
50,8,1,36.58375777391249
50,8,2,33.234063339498334
50,8,3,32.694491961914935
50,8,4,32.386655804300595
50,8,5,32.09827488771799
50,8,6,31.64195418608829
50,8,7,31.201787794045515
50,8,8,30.521480572693243
50,8,9,30.0
50,8,10,30.0
50,8,11,30.0
50,8,12,30.0
50,8,13,30.0
50,8,14,30.0
50,8,15,30.0
50,8,16,30.0
50,8,17,30.0
50,8,18,30.0
50,8,19,30.0
50,8,20,30.0
50,8,21,30.0
50,8,22,30.0
50,8,23,30.0
50,8,24,30.0
50,8,25,30.0
50,8,26,30.0
50,8,27,30.0
50,8,28,30.0
50,8,29,30.0
50,8,30,30.0
50,8,31,30.0
50,8,32,30.0
50,8,33,30.0
50,8,34,30.0
50,8,35,30.0
50,8,36,30.0
50,8,37,30.0
50,8,38,30.0
50,8,39,30.0
50,8,40,30.0
50,8,41,30.0
50,8,42,30.0
50,8,43,30.0
50,8,44,30.0
50,8,45,30.0
50,8,46,30.0
50,8,47,30.0
50,8,48,30.0
50,8,49,30.0
50,8,50,30.0
50,8,51,30.0
50,8,52,30.0
50,8,53,30.0
50,8,54,30.0
50,8,55,30.0
50,8,56,30.0
50,8,57,30.0
50,8,58,30.0
50,8,59,30.0
50,8,60,30.0
50,8,61,30.0
50,8,62,30.0
50,8,63,30.0
50,8,64,30.0
50,8,65,30.0
50,8,66,30.0
50,8,67,30.0
50,8,68,30.0
50,8,69,30.0
50,8,70,30.0
50,8,71,30.0
50,8,72,30.0
50,8,73,30.0
50,8,74,30.0
50,8,75,30.0
50,8,76,30.0
50,8,77,30.0
50,8,78,30.0
50,8,79,30.0
50,8,80,30.0
50,8,81,30.0
50,8,82,30.0
50,8,83,30.0
50,8,84,30.0
50,8,85,30.0
50,8,86,30.0
50,8,87,30.0
50,8,88,30.0
50,8,89,30.0
50,8,90,30.0
50,8,91,30.0
50,8,92,30.0
50,8,93,30.0
50,8,94,30.0
50,8,95,30.0
50,8,96,30.0
50,8,97,30.0
50,8,98,30.0
50,8,99,30.0
50,8,100,30.0
50,8,101,30.0
50,8,102,30.0
50,8,103,30.0
50,8,104,30.0
50,8,105,30.0
50,8,106,30.0
50,8,107,30.0
50,8,108,30.0
50,8,109,30.0
50,8,110,30.0
50,8,111,30.0
50,8,112,30.0
50,8,113,30.0
50,8,114,30.0
50,8,115,30.0
50,8,116,30.0
50,8,117,30.0
50,8,118,30.0
50,8,119,30.0
50,8,120,30.0
50,8,121,30.0
50,8,122,30.0
50,8,123,30.0
50,8,124,30.0
50,8,125,30.0
50,8,126,30.0
50,8,127,30.0
50,8,128,30.0
50,8,129,30.0
50,8,130,30.0
50,8,131,30.0
50,8,132,30.0
50,8,133,30.0
50,8,134,30.0
50,8,135,30.0
50,8,136,30.0
50,8,137,30.0
50,8,138,30.0
50,8,139,30.0
50,8,140,30.0
50,8,141,30.0
50,8,142,30.0
50,8,143,30.0
50,8,144,30.0
50,8,145,30.0
50,8,146,30.0
50,8,147,30.0
50,8,148,30.0
50,8,149,30.0
50,8,150,30.0
50,8,151,30.0
50,8,152,30.0
50,8,153,30.0
50,8,154,30.0
50,8,155,30.0
50,8,156,30.0
50,8,157,30.0
50,8,158,30.0
50,8,159,30.0
50,8,160,30.0
50,8,161,30.0
50,8,162,30.0
50,8,163,30.0
50,8,164,30.0
50,8,165,30.0
50,8,166,30.0
50,8,167,30.0
50,8,168,30.0
50,8,169,30.0
50,8,170,30.0
50,8,171,30.0
50,8,172,30.0
50,8,173,30.0
50,8,174,30.0
50,8,175,30.0
50,8,176,30.0
50,8,177,30.0
50,8,178,30.0
50,8,179,30.0
50,8,180,30.0
50,8,181,30.0
50,8,182,30.0
50,8,183,30.0
50,8,184,30.0
50,8,185,30.0
50,8,186,30.0
50,8,187,30.0
50,8,188,30.0
50,8,189,30.0
50,8,190,30.0
50,8,191,30.0
50,8,192,30.0
50,8,193,30.0
50,8,194,30.0
50,8,195,30.0
50,8,196,30.0
50,8,197,30.0
50,8,198,30.0
50,8,199,30.0
50,8,200,30.0
50,9,0,39.7436730735268
50,9,1,36.70725662604522
50,9,2,34.0258639817946
50,9,3,32.74654465262819
50,9,4,31.465891691020367
50,9,5,31.211912618765822
50,9,6,30.682996327272377
50,9,7,30.0
50,9,8,30.0
50,9,9,30.0
50,9,10,30.0
50,9,11,30.0
50,9,12,30.0
50,9,13,30.0
50,9,14,30.0
50,9,15,30.0
50,9,16,30.0
50,9,17,30.0
50,9,18,30.0
50,9,19,30.0
50,9,20,30.0
50,9,21,30.0
50,9,22,30.0
50,9,23,30.0
50,9,24,30.0
50,9,25,30.0
50,9,26,30.0
50,9,27,30.0
50,9,28,30.0
50,9,29,30.0
50,9,30,30.0
50,9,31,30.0
50,9,32,30.0
50,9,33,30.0
50,9,34,30.0
50,9,35,30.0
50,9,36,30.0
50,9,37,30.0
50,9,38,30.0
50,9,39,30.0
50,9,40,30.0
50,9,41,30.0
50,9,42,30.0
50,9,43,30.0
50,9,44,30.0
50,9,45,30.0
50,9,46,30.0
50,9,47,30.0
50,9,48,30.0
50,9,49,30.0
50,9,50,30.0
50,9,51,30.0
50,9,52,30.0
50,9,53,30.0
50,9,54,30.0
50,9,55,30.0
50,9,56,30.0
50,9,57,30.0
50,9,58,30.0
50,9,59,30.0
50,9,60,30.0
50,9,61,30.0
50,9,62,30.0
50,9,63,30.0
50,9,64,30.0
50,9,65,30.0
50,9,66,30.0
50,9,67,30.0
50,9,68,30.0
50,9,69,30.0
50,9,70,30.0
50,9,71,30.0
50,9,72,30.0
50,9,73,30.0
50,9,74,30.0
50,9,75,30.0
50,9,76,30.0
50,9,77,30.0
50,9,78,30.0
50,9,79,30.0
50,9,80,30.0
50,9,81,30.0
50,9,82,30.0
50,9,83,30.0
50,9,84,30.0
50,9,85,30.0
50,9,86,30.0
50,9,87,30.0
50,9,88,30.0
50,9,89,30.0
50,9,90,30.0
50,9,91,30.0
50,9,92,30.0
50,9,93,30.0
50,9,94,30.0
50,9,95,30.0
50,9,96,30.0
50,9,97,30.0
50,9,98,30.0
50,9,99,30.0
50,9,100,30.0
50,9,101,30.0
50,9,102,30.0
50,9,103,30.0
50,9,104,30.0
50,9,105,30.0
50,9,106,30.0
50,9,107,30.0
50,9,108,30.0
50,9,109,30.0
50,9,110,30.0
50,9,111,30.0
50,9,112,30.0
50,9,113,30.0
50,9,114,30.0
50,9,115,30.0
50,9,116,30.0
50,9,117,30.0
50,9,118,30.0
50,9,119,30.0
50,9,120,30.0
50,9,121,30.0
50,9,122,30.0
50,9,123,30.0
50,9,124,30.0
50,9,125,30.0
50,9,126,30.0
50,9,127,30.0
50,9,128,30.0
50,9,129,30.0
50,9,130,30.0
50,9,131,30.0
50,9,132,30.0
50,9,133,30.0
50,9,134,30.0
50,9,135,30.0
50,9,136,30.0
50,9,137,30.0
50,9,138,30.0
50,9,139,30.0
50,9,140,30.0
50,9,141,30.0
50,9,142,30.0
50,9,143,30.0
50,9,144,30.0
50,9,145,30.0
50,9,146,30.0
50,9,147,30.0
50,9,148,30.0
50,9,149,30.0
50,9,150,30.0
50,9,151,30.0
50,9,152,30.0
50,9,153,30.0
50,9,154,30.0
50,9,155,30.0
50,9,156,30.0
50,9,157,30.0
50,9,158,30.0
50,9,159,30.0
50,9,160,30.0
50,9,161,30.0
50,9,162,30.0
50,9,163,30.0
50,9,164,30.0
50,9,165,30.0
50,9,166,30.0
50,9,167,30.0
50,9,168,30.0
50,9,169,30.0
50,9,170,30.0
50,9,171,30.0
50,9,172,30.0
50,9,173,30.0
50,9,174,30.0
50,9,175,30.0
50,9,176,30.0
50,9,177,30.0
50,9,178,30.0
50,9,179,30.0
50,9,180,30.0
50,9,181,30.0
50,9,182,30.0
50,9,183,30.0
50,9,184,30.0
50,9,185,30.0
50,9,186,30.0
50,9,187,30.0
50,9,188,30.0
50,9,189,30.0
50,9,190,30.0
50,9,191,30.0
50,9,192,30.0
50,9,193,30.0
50,9,194,30.0
50,9,195,30.0
50,9,196,30.0
50,9,197,30.0
50,9,198,30.0
50,9,199,30.0
50,9,200,30.0
